20220101;4;6;2969.77;938.09
20220501;4;6;2474.87;675.02
20220401;2;6;8909.41;3077.35
20220701;2;6;11879.21;4467.08
20220901;2;6;11384.24;4070.02
20221001;2;6;7424.51;2183.91
20221101;2;6;3464.77;992.67
20210101;1;2;24689.91;7180.11
20210201;1;3;25856.09;7259.51
20210301;1;4;5739.66;1324.26
20210401;1;1;21043.01;6963.69
20210501;1;1;24810.72;8210.57
20210601;1;4;6073.25;1461.24
20210701;1;1;9864.69;3066.36
20210801;1;5;7472.98;2548.19
20210901;1;3;20723.27;5610.69
20211001;1;3;16544.78;3318.58
20211101;1;2;20835.14;4387.71
20211201;1;3;5234.76;1050.29
20220101;1;2;8800.51;1941.65
20220201;1;1;11809.91;2605.78
20220301;1;3;18869.14;3784.08
20220401;1;2;26197.58;7092.72
20220501;1;1;10485.35;2312.94
20220601;1;5;8729.19;1838.46
20220701;1;4;22028.99;6185.45
20220801;1;2;10180.50;3471.40
20220901;1;5;24771.12;6706.59
20221001;1;4;13927.39;4887.96
20221101;1;5;25657.07;6689.66
20221201;1;4;8290.69;2327.85
20210101;2;1;5699.07;1428.50
20210201;2;5;25999.61;7821.33
20210301;2;2;6814.70;1708.41
20210401;2;4;24114.78;5319.80
20210501;2;5;24368.22;5376.39
20210601;2;3;9050.98;2269.28
20210701;2;2;25335.39;8892.48
20210801;2;2;11514.92;2309.01
20210901;2;2;22752.64;5018.97
20211001;2;3;10955.54;2855.92
20211101;2;3;11552.57;2548.19
20211201;2;4;24821.58;6223.11
20220101;2;1;8314.48;2668.31
20220201;2;1;19253.19;5212.58
20220301;2;2;16881.32;4063.06
20220401;2;3;21844.81;5257.30
20220501;2;3;12731.57;3702.73
20220601;2;1;18087.10;3627.23
20220701;2;5;25312.58;8122.16
20220801;2;5;10456.68;2831.14
20220901;2;3;10149.84;2850.01
20221001;2;2;8798.56;2734.88
20221101;2;4;6413.75;1929.81
20221201;2;1;22882.30;6884.23
20210101;3;5;6112.82;1287.53
20210201;3;2;10798.19;3248.06
20210301;3;1;14894.55;5227.50
20210401;3;1;26447.06;8751.50
20210501;3;1;13519.51;4609.01
20210601;3;2;15791.42;3483.32
20210701;3;4;21349.85;6850.50
20210801;3;5;16111.16;3231.16
20210901;3;4;13123.54;4343.00
20211001;3;3;17677.24;4609.01
20211101;3;2;13774.93;4834.40
20211201;3;2;18540.42;4462.13
20220101;3;5;14734.17;5023.99
20220201;3;2;23964.34;6007.72
20220301;3;3;25568.96;8204.56
20220401;3;4;12452.35;3621.32
20220501;3;3;18507.82;5567.93
20220601;3;5;18989.88;5903.50
20220701;3;4;13615.54;3139.85
20220801;3;2;13935.31;2794.41
20220901;3;2;8413.45;2868.86
20221001;3;2;22158.71;7332.93
20221101;3;5;15024.24;3615.35
20221201;3;1;18868.11;4351.94
20210101;4;2;19426.44;6234.03
20210201;4;5;9725.10;3315.58
20210301;4;2;25738.25;5420.09
20210401;4;2;10786.35;2379.47
20210501;4;4;24193.98;8005.97
20210601;4;4;12808.72;2826.15
20210701;4;5;11941.58;4191.13
20210801;4;5;10608.11;2233.54
20210901;4;4;9501.39;2762.69
20211001;4;4;16269.56;4078.93
20211101;4;2;8102.59;2193.81
20211201;4;4;12674.11;2796.35
20220101;4;5;13961.05;3360.29
20220201;4;3;10979.36;2422.17
20220301;4;4;16121.06;5172.92
20220401;4;1;15316.22;4608.02
20220501;4;5;19981.80;4007.45
20220601;4;4;21701.33;6528.89
20220701;4;5;16523.93;3479.36
20220801;4;2;13120.57;3946.97
20220901;4;5;17842.54;3935.98
20221001;4;1;25917.44;7017.29
20221101;4;1;18004.90;4694.38
20221201;4;5;5930.69;1664.72
20210101;5;5;21150.92;5938.25
20210201;5;1;7110.71;1854.37
20210301;5;5;23748.48;5239.41
20210401;5;5;16803.14;4885.95
20210501;5;1;13224.52;3447.61
20210601;5;3;11491.13;2420.19
20210701;5;3;11388.17;2398.34
20210801;5;2;21233.06;5748.67
20210901;5;2;16848.65;4055.11
20211001;5;3;13394.80;4298.32
20211101;5;4;15368.73;4469.03
20211201;5;1;15313.29;5220.53
20220101;5;2;17480.30;4206.97
20220201;5;5;22682.32;5231.42
20220301;5;2;23327.77;5847.90
20220401;5;5;14356.02;3599.44
20220501;5;4;20388.69;5724.81
20220601;5;2;7478.92;2474.74
20220701;5;2;17241.68;4322.14
20220801;5;3;24360.30;7083.81
20220901;5;5;18674.07;5991.88
20221001;5;1;17773.24;5881.62
20221101;5;5;21714.20;6532.88
20221201;5;4;18192.01;6202.28
20210101;1;3;21355.85;5782.39
20210201;1;2;23367.40;6560.63
20210301;1;1;22821.91;5492.55
20210401;1;5;5084.31;1580.34
20210501;1;2;13320.58;4407.51
20210601;1;4;14129.35;3117.05
20210701;1;5;5381.31;1133.65
20210801;1;4;18001.96;6318.41
20210901;1;4;18778.06;4519.68
20211001;1;4;18177.16;4921.72
20211101;1;3;9870.66;2474.74
20211201;1;4;9895.38;3274.82
20220101;1;5;6050.48;2002.28
20220201;1;4;13120.57;3420.81
20220301;1;1;23550.52;7557.30
20220401;1;3;25029.51;8534.13
20220501;1;4;11710.88;3875.42
20220601;1;1;22824.91;4577.30
20220701;1;3;19133.43;5180.80
20220801;1;1;11428.79;2292.08
20220901;1;1;23357.47;7260.46
20221001;1;1;11290.16;3282.84
20221101;1;1;11136.74;2456.92
20221201;1;3;5114.01;1640.89
20210101;2;2;17891.05;4844.27
20210201;2;5;6073.25;1643.86
20210301;2;1;17471.32;5606.67
20210401;2;2;7742.30;2407.32
20210501;2;1;8098.63;1868.23
20210601;2;1;24788.94;7954.39
20210701;2;5;23697.04;4752.99
20210801;2;5;12167.27;3415.80
20210901;2;4;22660.61;5681.15
20211001;2;4;24671.10;6926.93
20211101;2;3;17245.67;3804.97
20211201;2;4;18383.08;5161.96
20220101;2;5;11930.69;3469.39
20220201;2;1;17572.34;4405.57
20220301;2;1;14639.13;4991.25
20220401;2;4;5551.59;1948.65
20220501;2;2;7732.36;1550.54
20220601;2;2;13867.00;4310.23
20220701;2;4;20425.32;6144.70
20220801;2;3;7000.82;2456.92
20220901;2;2;17533.73;4219.91
20221001;2;1;16423.97;4447.25
20221101;2;3;15312.30;5220.53
20221201;2;3;19468.02;6051.44
20210101;3;5;21606.32;6066.32
20210201;3;1;11234.75;3492.26
20210301;3;1;21418.22;6873.37
20210401;3;3;6426.65;1288.52
20210501;3;3;10084.44;3236.21
20210601;3;5;5269.44;1162.43
20210701;3;5;8703.49;2618.72
20210801;3;4;6165.29;1916.87
20210901;3;1;23496.10;8246.24
20211001;3;2;24228.63;6317.39
20211101;3;1;11429.81;2980.00
20211201;3;3;8889.61;1782.89
20220101;3;1;22384.36;7407.41
20220201;3;3;11166.44;2463.85
20220301;3;2;20308.46;7127.44
20220401;3;1;8855.98;2397.35
20220501;3;3;12721.63;2934.39
20220601;3;1;4949.67;1389.76
20220701;3;5;9543.96;2200.74
20220801;3;3;6423.68;1674.68
20220901;3;4;5061.54;1218.00
20221001;3;1;23816.79;6925.94
20221101;3;3;12327.61;3584.63
20221201;3;4;9751.86;2151.17
20210101;4;2;24419.64;5876.71
20210201;4;4;8935.15;2688.25
20210301;4;1;17528.74;3515.13
20210401;4;3;8686.66;2874.83
20210501;4;2;9339.03;2154.14
20210601;4;1;24396.93;6605.31
20210701;4;3;14499.57;4943.60
20210801;4;2;11197.16;3593.54
20210901;4;1;17468.42;4379.69
20211001;4;1;24158.31;7025.24
20211101;4;5;14034.27;2955.22
20211201;4;1;22022.09;7066.92
20220101;4;4;8480.74;2551.23
20220201;4;4;5096.19;1328.25
20220301;4;5;11201.12;3370.16
20220401;4;1;17108.03;5661.32
20220501;4;4;26601.50;8536.08
20220601;4;2;23165.44;5574.95
20220701;4;4;6131.66;1905.98
20220801;4;3;9737.97;3222.25
20220901;4;2;18300.91;6240.04
20221001;4;5;9043.09;2175.95
20221101;4;5;13560.10;2719.96
20221201;4;4;13634.35;3144.77
20210101;5;2;20382.71;4496.88
20210201;5;4;12086.09;3636.20
20210301;5;2;23026.84;7158.23
20210401;5;1;17374.34;5226.47
20210501;5;1;17362.46;4004.48
20210601;5;4;20007.57;5417.08
20210701;5;1;24743.40;5458.79
20210801;5;1;11807.93;2960.20
20210901;5;4;10760.57;2698.11
20211001;5;3;10318.08;2896.64
20211101;5;3;21169.73;7217.79
20211201;5;3;26681.66;5886.61
20220101;5;3;9908.22;2185.89
20220201;5;5;21245.00;6604.29
20220301;5;4;5766.35;1850.38
20220401;5;3;6109.85;1348.08
20220501;5;1;5897.03;1182.26
20220601;5;3;24010.83;5297.00
20220701;5;5;8606.50;2416.23
20220801;5;1;25238.37;6833.61
20220901;5;2;16780.37;5216.51
20221001;5;4;21377.63;6859.45
20221101;5;4;18996.81;4381.71
20221201;5;5;22983.28;6683.72
20210101;1;4;25317.57;5585.78
20210201;1;5;17347.57;4871.06
20210301;1;4;18429.61;3881.46
20210401;1;5;11714.87;2466.85
20210501;1;4;14385.72;4183.11
20210601;1;2;6496.94;1629.01
20210701;1;2;9899.34;2977.99
20210801;1;2;21579.56;6492.19
20210901;1;3;22424.00;7870.01
20211001;1;3;26561.90;7991.08
20211101;1;1;22632.82;4539.55
20211201;1;3;11937.62;3112.10
20220101;1;1;10500.24;2210.70
20220201;1;3;6653.36;1468.14
20220301;1;3;8461.96;2121.41
20220401;1;3;12227.66;2820.18
20220501;1;4;25171.01;8581.78
20220601;1;1;16475.45;5782.39
20220701;1;5;14199.64;3844.67
20220801;1;3;24187.09;7034.18
20220901;1;3;23093.17;4631.88
20221001;1;2;10688.30;3322.51
20221101;1;2;22618.00;5670.26
20221201;1;4;11172.41;2689.14
20210101;2;2;14299.59;4015.44
20210201;2;4;7239.38;1597.27
20210301;2;4;15070.74;3476.39
20210401;2;5;11122.91;2453.88
20210501;2;4;24476.10;5645.34
20210601;2;4;20104.56;4032.27
20210701;2;1;23221.90;7452.06
20210801;2;5;19287.84;5995.77
20210901;2;1;18526.60;6502.02
20211001;2;1;16888.28;3387.05
20211101;2;4;25659.08;6689.66
20211201;2;1;22415.05;6517.93
20220101;2;5;10932.83;3069.36
20220201;2;4;11272.34;2373.53
20220301;2;2;17476.31;5432.99
20220401;2;2;26642.06;6945.81
20220501;2;3;17335.69;5563.01
20220601;2;1;12038.60;2535.29
20220701;2;2;14638.14;2935.38
20220801;2;3;7865.06;1893.08
20220901;2;1;18914.68;5121.24
20221001;2;2;13547.26;3804.01
20221101;2;1;24446.40;5883.57
20221201;2;3;6820.64;1504.93
20210101;3;5;23888.07;6946.83
20210201;3;1;23919.75;8154.89
20210301;3;3;19033.41;5153.05
20210401;3;2;16921.94;5599.77
20210501;3;1;13868.98;4033.29
20210601;3;4;18801.82;4901.89
20210701;3;5;21207.35;4678.51
20210801;3;1;12615.70;4301.35
20210901;3;4;15205.38;5031.94
20211001;3;3;7990.75;1843.41
20211101;3;2;20999.45;6106.98
20211201;3;5;18330.58;6249.94
20220101;3;2;22287.34;4693.43
20220201;3;2;21264.77;6396.92
20220301;3;2;25346.24;6100.02
20220401;3;3;6319.76;1774.91
20220501;3;5;15754.83;4897.86
20220601;3;3;21500.36;6468.36
20220701;3;1;21870.62;6360.09
20220801;3;5;23583.19;6384.97
20220901;3;3;26347.07;8190.63
20221001;3;4;13086.91;3411.84
20221101;3;4;12753.35;4347.95
20221201;3;2;16268.57;4731.14
20210101;4;4;5520.87;1218.00
20210201;4;2;23240.65;5826.05
20210301;4;2;21799.34;7432.19
20210401;4;5;25076.01;8046.69
20210501;4;2;7023.62;2394.32
20210601;4;3;16917.98;4749.99
20210701;4;2;5734.67;1264.69
20210801;4;5;18603.82;3731.48
20210901;4;2;7273.04;2479.75
20211001;4;2;19615.50;4721.21
20211101;4;2;24131.58;6049.43
20211201;4;2;21199.43;4464.11
20220101;4;5;13735.33;3305.61
20220201;4;1;17477.26;4906.77
20220301;4;1;16761.59;3361.25
20220401;4;2;22068.59;6417.68
20220501;4;4;12485.02;3129.92
20220601;4;2;7993.72;1683.63
20220701;4;3;23541.61;4721.21
20220801;4;3;23373.37;4687.45
20220901;4;1;26620.31;8007.95
20221001;4;1;17747.57;4983.30
20221101;4;5;16417.04;5268.19
20221201;4;4;9560.79;3355.28
20210101;5;1;10380.45;3643.20
20210201;5;1;10182.48;2450.94
20210301;5;3;23928.70;7678.44
20210401;5;4;13565.05;3128.96
20210501;5;5;8312.50;2333.83
20210601;5;2;22219.07;7575.15
20210701;5;2;18425.65;3880.37
20210801;5;3;18026.68;5061.67
20210901;5;4;14576.79;4385.63
20211001;5;3;19558.11;5294.98
20211101;5;4;7441.30;2015.15
20211201;5;1;10636.82;3200.41
20220101;5;1;19743.24;6533.87
20220201;5;2;7826.41;1804.64
20220301;5;4;18320.71;5511.36
20220401;5;5;17082.32;4454.14
20220501;5;5;26356.97;6872.32
20220601;5;1;6556.34;1906.97
20220701;5;5;22951.63;7134.40
20220801;5;1;19496.73;4496.88
20220901;5;2;5288.18;1272.61
20221001;5;1;13779.91;4560.40
20221101;5;5;13859.04;3891.36
20221201;5;1;18357.31;6442.49
20210101;1;1;10859.57;3157.74
20210201;1;2;6792.95;2247.43
20210301;1;4;23434.69;4934.66
20210401;1;2;11255.54;3499.16
20210501;1;5;23400.07;5161.96
20210601;1;1;21646.85;6729.36
20210701;1;4;9717.21;3312.64
20210801;1;3;15405.29;3707.68
20210901;1;5;21043.01;6963.69
20211001;1;3;23990.04;7216.80
20211101;1;4;8876.70;2759.66
20211201;1;5;16921.94;5939.27
20220101;1;3;19275.00;4832.36
20220201;1;5;10926.89;2848.99
20220301;1;5;10151.76;3562.75
20220401;1;4;12335.60;3587.53
20220501;1;1;15111.36;4242.71
20220601;1;2;12692.89;3182.52
20220701;1;2;21554.78;7348.84
20220801;1;2;21982.49;4628.91
20220901;1;3;8445.13;2625.65
20221001;1;3;11764.37;2359.60
20221101;1;3;11827.73;2846.98
20221201;1;2;16884.29;5926.34
20210101;2;5;7923.40;1589.31
20210201;2;2;21631.04;4338.05
20210301;2;3;25194.81;8337.55
20210401;2;5;7118.60;2069.73
20210501;2;4;12292.96;2835.10
20210601;2;4;23614.83;6867.40
20210701;2;3;9470.67;2848.99
20210801;2;1;14884.65;5224.49
20210901;2;4;18458.32;3887.40
20211001;2;5;15087.60;3328.45
20211101;2;2;5724.81;1549.61
20211201;2;2;12682.99;3560.77
20220101;2;3;22961.53;4835.39
20220201;2;3;20009.55;5185.79
20220301;2;2;4995.21;1152.53
20220401;2;3;23199.07;6280.69
20220501;2;2;11053.58;3325.48
20220601;2;3;6124.67;1351.09
20220701;2;1;18160.36;4916.77
20220801;2;2;10123.11;2233.54
20220901;2;2;7240.37;2322.84
20221001;2;4;23559.43;6615.25
20221101;2;1;15113.31;3334.39
20221201;2;5;17186.27;4136.52
20210101;3;3;14431.23;3328.45
20210201;3;4;14527.23;5098.47
20210301;3;2;7743.25;2173.97
20210401;3;5;12387.01;2608.78
20210501;3;5;23470.33;7766.75
20210601;3;2;26654.96;5612.61
20210701;3;4;12885.94;2972.11
20210801;3;1;7956.07;1675.67
20210901;3;4;7495.79;2555.12
20211001;3;4;17685.16;4433.29
20211101;3;3;16647.71;5676.20
20211201;3;3;17576.26;4582.25
20220101;3;1;18182.08;5652.37
20220201;3;3;7067.15;1559.55
20220301;3;2;21357.83;7282.37
20220401;3;3;10406.15;2817.24
20220501;3;2;25183.92;6565.61
20220601;3;4;22584.31;7246.57
20220701;3;1;20613.38;6821.73
20220801;3;2;12947.32;3895.25
20220901;3;3;10358.63;2804.37
20221001;3;4;22056.67;6413.75
20221101;3;1;25995.68;6778.07
20221201;3;2;23833.66;6214.20
20210101;4;5;23719.81;6184.40
20210201;4;2;25117.59;7052.00
20210301;4;4;19687.77;6317.39
20210401;4;5;23828.71;6212.25
20210501;4;1;19041.40;4201.07
20210601;4;2;13167.13;2640.59
20210701;4;4;21847.88;7449.09
20210801;4;2;10394.31;3439.62
20210901;4;5;25132.40;8568.81
20211001;4;5;14337.21;2875.82
20211101;4;5;5582.21;1847.41
20211201;4;3;13449.28;4316.20
20220101;4;2;20014.47;4196.08
20220201;4;4;22550.68;7688.34
20220301;4;3;12625.60;4431.34
20220401;4;1;22289.39;6928.91
20220501;4;5;18403.84;5905.45
20220601;4;1;16901.15;3898.26
20220701;4;3;11561.39;3709.66
20220801;4;2;14453.04;3043.52
20220901;4;1;5482.26;1539.65
20221001;4;3;20372.78;5924.33
20221101;4;2;6640.49;1997.29
20221201;4;5;10795.22;2489.62
20210101;5;1;24321.66;5121.24
20210201;5;1;15380.57;3084.28
20210301;5;2;24690.90;4951.49
20210401;5;1;12301.91;4070.98
20210501;5;5;10701.17;2146.16
20210601;5;4;23225.80;5356.56
20210701;5;4;25125.51;6550.67
20210801;5;1;23265.40;5365.40
20210901;5;4;20973.71;5047.81
20211001;5;5;18420.70;4617.95
20211101;5;3;17825.71;4111.67
20211201;5;3;7437.34;2237.53
20220101;5;2;16024.04;5623.53
20220201;5;1;24232.53;8505.29
20220301;5;2;7592.81;2055.87
20220401;5;5;9802.35;2851.00
20220501;5;2;12068.27;2783.45
20220601;5;2;22784.29;4569.31
20220701;5;5;5607.95;1350.06
20220801;5;2;15681.53;4560.40
20220901;5;5;6820.64;2051.84
20221001;5;3;17564.38;4051.21
20221101;5;2;16713.05;4190.11
20221201;5;3;19765.98;6936.86
20210101;1;3;5742.63;1784.84
20210201;1;1;8769.82;2814.24
20210301;1;3;26144.15;6029.53
20210401;1;1;8815.32;2298.05
20210501;1;3;8912.41;3127.97
20210601;1;5;16744.70;4701.38
20210701;1;4;17818.78;4645.77
20210801;1;1;7157.24;1650.86
20210901;1;2;24149.43;7991.08
20211001;1;5;7148.36;2078.67
20211101;1;3;15861.75;3976.70
20211201;1;5;7804.67;2661.35
20220101;1;4;18548.41;4091.84
20220201;1;1;17574.28;5462.75
20220301;1;2;17134.76;5155.03
20220401;1;4;5996.03;1563.47
20220501;1;1;20175.84;5260.23
20220601;1;1;21471.65;6890.20
20220701;1;3;8932.18;2328.84
20220801;1;5;18822.57;4152.42
20220901;1;4;24614.70;8639.30
20221001;1;1;22082.48;5978.94
20221101;1;2;15423.11;4176.25
20221201;1;3;23624.77;7343.89
20210101;2;4;20150.06;5657.26
20210201;2;5;12277.16;2584.89
20210301;2;2;18753.34;4513.71
20210401;2;2;19415.55;5646.43
20210501;2;4;8334.25;1671.71
20210601;2;5;15464.76;4496.88
20210701;2;5;14373.84;4756.92
20210801;2;5;8116.45;1790.84
20210901;2;4;8068.96;2750.78
20211001;2;5;9634.02;2994.88
20211101;2;4;26244.17;5526.21
20211201;2;4;7429.46;1490.05
20220101;2;3;6621.65;2257.33
20220201;2;1;20710.44;5191.76
20220301;2;4;7288.91;2266.31
20220401;2;1;14148.16;4398.60
20220501;2;2;15402.39;4015.44
20220601;2;1;21943.85;5060.75
20220701;2;4;8721.34;2098.54
20220801;2;4;17940.58;6296.60
20220901;2;2;20152.08;5658.35
20221001;2;5;21378.62;6217.13
20221101;2;4;6975.11;2168.00
20221201;2;4;23623.74;6395.83
20210101;3;4;5106.12;1433.45
20210201;3;1;22712.02;6149.72
20210301;3;5;17975.20;5407.15
20210401;3;1;9903.30;1986.34
20210501;3;3;8946.00;1793.78
20210601;3;5;23085.28;7639.70
20210701;3;2;19483.89;4689.43
20210801;3;3;18386.02;3687.82
20210901;3;4;18903.79;5876.71
20211001;3;5;9978.51;3301.68
20211101;3;1;25310.60;8883.47
20211201;3;2;19102.74;4405.57
20220101;3;2;26728.22;6968.64
20220201;3;1;11986.10;2524.40
20220301;3;4;10772.45;3024.71
20220401;3;2;23814.81;7641.68
20220501;3;5;26385.68;5556.01
20220601;3;3;20549.03;4121.60
20220701;3;2;15792.38;3800.94
20220801;3;4;16663.58;5848.92
20220901;3;3;9905.28;2980.00
20221001;3;1;17795.05;4639.80
20221101;3;1;16236.89;3907.17
20221201;3;5;11972.27;4081.94
20210101;4;5;16086.41;4355.87
20210201;4;3;7636.33;1761.01
20210301;4;3;26552.00;9319.30
20210401;4;4;13200.73;3971.75
20210501;4;5;13441.30;2696.17
20210601;4;1;18156.37;5826.05
20210701;4;1;19651.17;4532.62
20210801;4;1;18649.32;4675.54
20210901;4;5;14126.34;3399.92
20211001;4;1;18937.41;4557.40
20211101;4;3;13717.51;4264.56
20211201;4;4;20194.61;5467.74
20220101;4;3;20643.08;7245.61
20220201;4;1;15439.02;4644.72
20220301;4;5;15168.75;4258.62
20220401;4;2;16106.21;4683.46
20220501;4;4;5276.30;1058.18
20220601;4;2;23350.57;7727.05
20220701;4;2;11348.60;3413.85
20220801;4;5;18144.46;6186.41
20220901;4;1;15868.61;3818.86
20221001;4;3;26157.95;8656.23
20221101;4;1;17972.26;5586.87
20221201;4;3;11778.23;3070.35
20210101;5;5;8115.49;2440.98
20210201;5;4;23361.46;7731.04
20210301;5;1;12503.87;2507.54
20210401;5;1;18135.58;3637.19
20210501;5;2;11843.54;2493.65
20210601;5;5;17376.32;5575.91
20210701;5;3;12445.46;4242.71
20210801;5;2;8034.31;1772.93
20210901;5;5;23035.72;5312.87
20211001;5;3;13708.63;3436.65
20211101;5;3;20622.29;7237.66
20211201;5;3;23918.76;5756.55
20220101;5;4;16552.67;3485.33
20220201;5;5;8640.09;2858.86
20220301;5;5;17220.92;3971.75
20220401;5;2;25667.93;5405.17
20220501;5;4;12602.83;2527.40
20220601;5;5;26129.27;9170.40
20220701;5;4;13674.94;4250.70
20220801;5;5;19183.89;6155.66
20220901;5;2;18916.62;5311.81
20221001;5;4;15322.20;4302.24
20221101;5;2;5675.31;1878.16
20221201;5;1;10323.03;2587.93
20210101;1;1;18866.17;5864.79
20210201;1;4;13096.81;3151.76
20210301;1;4;22264.61;6028.54
20210401;1;5;25777.85;5687.06
20210501;1;4;5495.16;1212.09
20210601;1;4;24806.76;6965.67
20210701;1;1;14769.84;5183.77
20210801;1;4;11000.15;2867.80
20210901;1;5;17601.01;5648.35
20211001;1;2;22327.93;5373.39
20211101;1;5;24874.01;7732.00
20211201;1;1;25185.86;6061.34
20220101;1;4;10511.09;2740.82
20220201;1;1;4993.20;1702.47
20220301;1;1;14898.48;3436.65
20220401;1;4;20119.37;5043.82
20220501;1;1;15214.29;4577.30
20220601;1;2;5819.78;1575.35
20220701;1;4;20256.03;4062.04
20220801;1;5;21269.75;6398.87
20220901;1;3;8174.89;1721.31
20221001;1;4;25610.54;8731.67
20221101;1;2;11603.00;2560.07
20221201;1;4;21247.94;5326.76
20210101;2;1;24281.10;6330.29
20210201;2;2;7089.89;2417.22
20210301;2;4;17226.83;5355.54
20210401;2;4;24699.84;7925.58
20210501;2;2;11287.22;3622.31
20210601;2;5;15393.48;4013.39
20210701;2;1;17621.80;3533.97
20210801;2;1;19918.47;4587.20
20210901;2;4;17729.71;4800.64
20211001;2;2;24890.88;4992.17
20211101;2;4;7162.19;2370.49
20211201;2;5;23179.30;5811.14
20220101;2;4;20109.51;4234.79
20220201;2;5;22239.86;6690.65
20220301;2;5;25433.33;6120.87
20220401;2;2;18879.99;5868.69
20220501;2;3;15222.17;5036.86
20220601;2;2;12227.66;3555.82
20220701;2;3;21570.68;5839.98
20220801;2;1;5440.71;1855.29
20220901;2;4;22237.84;5129.19
20221001;2;2;8889.61;2049.93
20221101;2;5;18535.47;4088.87
20221201;2;3;23062.45;6937.85
20210101;3;5;10892.24;3276.90
20210201;3;4;7624.45;2446.95
20210301;3;5;21104.39;6560.63
20210401;3;5;15723.11;4730.15
20210501;3;4;11868.29;3689.76
20210601;3;1;24225.63;8259.14
20210701;3;2;11167.43;2911.59
20210801;3;2;11843.54;2375.47
20210901;3;5;13945.21;4754.94
20211001;3;3;20266.88;5284.06
20211101;3;3;10829.87;3583.64
20211201;3;5;18062.35;5614.59
20220101;3;3;5191.23;1249.81
20220201;3;4;5104.08;1688.58
20220301;3;1;26121.38;5500.47
20220401;3;3;24248.43;6322.40
20220501;3;2;14989.56;5110.35
20220601;3;4;14787.63;3558.72
20220701;3;4;8288.74;2410.25
20220801;3;4;15292.50;3833.78
20220901;3;4;26201.57;7881.92
20221001;3;1;26259.95;6056.36
20221101;3;3;15018.30;5271.16
20221201;3;1;24295.92;8283.96
20210101;4;5;13881.85;4315.21
20210201;4;5;26270.84;5269.18
20210301;4;3;20752.94;4578.26
20210401;4;3;8943.07;2331.81
20210501;4;1;11822.75;3794.01
20210601;4;3;8873.77;2402.33
20210701;4;5;23747.49;6429.59
20210801;4;4;9101.47;1825.53
20210901;4;3;11954.45;3476.39
20211001;4;3;26697.53;5354.55
20211101;4;4;20168.91;5056.76
20211201;4;4;16884.29;4571.33
20220101;4;5;15219.20;5035.90
20220201;4;4;23709.91;5706.00
20220301;4;4;11786.15;3427.71
20220401;4;2;6639.50;1930.80
20220501;4;3;15670.61;3929.08
20220601;4;3;12073.25;3026.69
20220701;4;3;25984.76;7556.27
20220801;4;5;19068.09;5927.36
20220901;4;3;5954.45;1970.50
20221001;4;4;24931.50;7000.39
20221101;4;5;21341.99;6420.71
20221201;4;2;21587.48;6277.72
20210101;5;2;14135.22;4677.52
20210201;5;3;23474.32;5414.08
20210301;5;2;23161.45;6503.08
20210401;5;4;18261.28;6408.80
20210501;5;3;10762.55;3345.38
20210601;5;5;18297.91;4403.59
20210701;5;3;19715.52;5140.15
20210801;5;4;23080.30;5786.35
20210901;5;1;21402.35;6224.13
20211001;5;1;6101.93;1897.04
20211101;5;4;6351.44;1847.41
20211201;5;2;8697.58;2354.68
20220101;5;2;8003.62;2167.08
20220201;5;5;25644.23;6942.84
20220301;5;5;24373.17;5377.32
20220401;5;1;16240.82;4723.19
20220501;5;2;12339.49;3835.69
20220601;5;3;19193.79;6158.63
20220701;5;1;24028.65;7469.91
20220801;5;2;11513.90;3117.05
20220901;5;5;8482.75;2721.91
20221001;5;5;16028.96;4340.06
20221101;5;3;15191.55;3199.45
20221201;5;2;13710.58;3574.69
20210101;1;3;13108.69;3023.72
20210201;1;3;12470.17;3000.92
20210301;1;4;22126.04;5324.75
20210401;1;4;22267.54;6028.54
20210501;1;2;24361.26;6840.64
20210601;1;4;8967.85;2607.79
20210701;1;5;11394.14;2513.45
20210801;1;4;13940.26;4752.99
20210901;1;4;12952.27;4286.40
20211001;1;3;14639.13;4991.25
20211101;1;5;6193.01;1987.36
20211201;1;1;5442.69;1255.75
20220101;1;4;11146.67;3353.30
20220201;1;3;16243.79;4072.00
20220301;1;2;13971.87;4903.83
20220401;1;2;26392.64;6616.20
20220501;1;3;7139.39;2148.20
20220601;1;2;14981.67;3605.45
20220701;1;5;18595.93;4102.79
20220801;1;4;9409.32;3114.05
20220901;1;3;7896.67;2217.63
20221001;1;4;6661.22;1936.74
20221101;1;4;7366.10;1846.42
20221201;1;2;15910.22;3190.51
20210101;2;3;5265.48;1794.80
20210201;2;1;19973.91;5007.06
20210301;2;5;14826.21;3122.03
20210401;2;5;24499.83;7124.47
20210501;2;2;8525.32;2821.20
20210601;2;1;15113.31;3939.94
20210701;2;5;16844.72;4560.40
20210801;2;1;19092.81;5935.25
20210901;2;2;8881.69;3027.68
20211001;2;5;10608.11;3403.88
20211101;2;4;22722.91;7975.21
20211201;2;3;18192.01;4196.08
20220101;2;1;23020.87;6925.94
20220201;2;4;7985.77;1841.43
20220301;2;4;6498.92;1694.52
20220401;2;2;10763.54;3021.74
20220501;2;1;16361.63;3281.78
20220601;2;5;24572.13;5421.11
20220701;2;5;19910.55;4193.08
20220801;2;3;15463.77;3876.41
20220901;2;5;10956.59;2856.98
20221001;2;2;9053.95;2178.96
20221101;2;1;14837.13;2976.07
20221201;2;5;6031.67;1390.72
20210101;3;4;25699.67;7731.04
20210201;3;4;23616.85;6868.36
20210301;3;4;19059.22;4587.20
20210401;3;3;21351.89;6423.68
20210501;3;3;17371.33;5051.77
20210601;3;5;19717.50;3954.82
20210701;3;5;5105.10;1177.31
20210801;3;5;11243.66;2819.22
20210901;3;5;17159.51;5850.87
20211001;3;2;9715.20;3117.05
20211101;3;3;24718.68;5205.68
20211201;3;2;5384.25;1727.25
20220101;3;1;13082.95;4460.12
20220201;3;2;10942.70;3182.52
20220301;3;2;6293.99;1451.31
20220401;3;3;15323.15;4762.92
20220501;3;2;26182.70;6826.64
20220601;3;3;22468.51;6308.51
20220701;3;1;14112.48;3396.00
20220801;3;1;11734.64;3529.98
20220901;3;3;8142.22;2857.93
20221001;3;3;6735.50;1486.06
20221101;3;3;6567.23;2107.51
20221201;3;3;5378.31;1564.50
20210101;4;4;23305.99;6076.26
20210201;4;2;12219.74;4166.28
20210301;4;5;5429.82;1470.15
20210401;4;1;23070.37;8097.34
20210501;4;3;20925.20;7343.89
20210601;4;1;17518.88;6148.69
20210701;4;5;20610.45;6406.75
20210801;4;5;17906.92;4488.96
20210901;4;3;8280.76;2823.18
20211001;4;4;15515.25;4045.24
20211101;4;1;15935.96;3995.54
20211201;4;3;19963.98;6600.30
20220101;4;3;23725.71;6423.68
20220201;4;5;8645.11;1997.29
20220301;4;5;24784.95;5467.74
20220401;4;5;7010.69;2319.90
20220501;4;4;19422.51;6427.64
20220601;4;1;22768.45;6621.25
20220701;4;1;25494.74;8180.73
20220801;4;2;22078.52;5092.46
20220901;4;1;17620.78;3533.97
20221001;4;4;19970.87;4806.55
20221101;4;3;25891.70;8048.70
20221201;4;5;21681.53;4347.95
20210101;5;1;24879.00;6985.51
20210201;5;3;4981.35;1049.30
20210301;5;5;23225.80;4890.96
20210401;5;4;24373.17;7821.33
20210501;5;5;22948.66;5062.70
20210601;5;4;10237.89;2361.55
20210701;5;5;5308.05;1863.25
20210801;5;2;10899.21;3497.24
20210901;5;2;22631.86;5446.88
20211001;5;1;16914.02;3901.23
20211101;5;1;6197.99;1429.43
20211201;5;5;25989.68;5733.72
20220101;5;4;16883.30;4401.57
20220201;5;1;16848.65;5913.44
20220301;5;2;7195.82;2452.96
20220401;5;3;26368.85;8196.57
20220501;5;5;25437.36;6376.95
20220601;5;1;13383.91;3221.26
20220701;5;4;16417.04;3786.12
20220801;5;5;18193.96;6020.59
20220901;5;3;14997.51;3158.76
20221001;5;4;21114.26;7198.92
20221101;5;5;24892.89;6989.50
20221201;5;3;13777.86;3592.55
20210101;1;4;17017.94;4266.57
20210201;1;1;22564.54;6335.31
20210301;1;1;14859.90;3874.43
20210401;1;1;21602.30;7148.30
20210501;1;4;26540.12;7718.11
20210601;1;3;6111.83;1654.79
20210701;1;4;18445.42;5549.12
20210801;1;5;22962.52;8059.59
20210901;1;1;23743.53;7857.07
20211001;1;4;16809.08;5394.25
20211101;1;1;20793.53;5837.96
20211201;1;4;9020.29;2351.68
20220101;1;4;22732.81;5015.08
20220201;1;5;16213.13;3902.22
20220301;1;1;8973.76;1890.08
20220401;1;5;25316.54;6600.30
20220501;1;1;9019.33;2351.68
20220601;1;4;5632.74;1242.85
20220701;1;4;23901.97;8148.92
20220801;1;2;10793.24;2706.10
20220901;1;2;5649.60;1869.25
20221001;1;5;9722.16;3120.02
20221101;1;1;7977.88;1840.41
20221201;1;5;19171.05;4998.18
20210101;2;1;8252.08;1738.21
20210201;2;5;7719.53;2708.97
20210301;2;2;16090.37;3872.48
20210401;2;4;18600.85;3730.49
20210501;2;5;26407.49;7150.31
20210601;2;2;13114.66;3681.88
20210701;2;2;11350.58;2617.66
20210801;2;5;8117.44;2523.38
20210901;2;2;21022.25;4848.29
20211001;2;3;22126.04;7322.04
20211101;2;5;26260.94;6320.42
20211201;2;3;23562.40;8270.06
20220101;2;2;25359.11;6103.02
20220201;2;3;26502.53;6112.95
20220301;2;4;7937.29;2069.73
20220401;2;2;23979.19;7213.80
20220501;2;3;5130.84;1595.29
20220601;2;3;23030.80;7390.55
20220701;2;2;15243.00;4279.47
20220801;2;5;16100.27;3874.43
20220901;2;3;19006.75;4955.51
20221001;2;2;10749.65;2371.51
20221101;2;1;16161.68;3565.68
20221201;2;3;10169.58;2039.93
20210101;3;3;7020.59;1760.06
20210201;3;5;20919.26;7341.91
20210301;3;2;23330.74;7720.05
20210401;3;3;24232.53;5103.38
20210501;3;4;11052.62;2660.39
20210601;3;1;15520.20;3423.75
20210701;3;4;12376.16;4343.99
20210801;3;3;23833.66;6453.45
20210901;3;3;25715.51;6962.64
20211001;3;4;10865.51;2397.35
20211101;3;4;19510.59;5869.74
20211201;3;1;13156.21;3957.82
20220101;3;5;14053.08;4932.68
20220201;3;1;24078.15;6518.95
20220301;3;3;14950.95;3898.26
20220401;3;2;10284.38;2269.28
20220501;3;4;11520.86;3581.62
20220601;3;4;8874.72;1779.86
20220701;3;1;11984.15;3965.78
20220801;3;5;23376.28;7266.50
20220901;3;3;26640.11;5876.71
20221001;3;1;8681.71;2350.69
20221101;3;1;22591.31;7023.26
20221201;3;1;10256.73;3599.44
20210101;4;3;11168.45;2239.48
20210201;4;2;20042.19;6833.61
20210301;4;1;26691.56;9367.94
20210401;4;2;19030.47;4770.84
20210501;4;2;12648.37;4312.21
20210601;4;2;9290.56;2515.49
20210701;4;4;12991.90;3256.97
20210801;4;2;12293.99;3698.71
20210901;4;3;7872.94;2289.11
20211001;4;1;24728.52;7191.00
20211101;4;5;6503.87;2283.17
20211201;4;1;18342.46;5701.97
20220101;4;2;13896.70;3205.36
20220201;4;3;5469.39;1096.92
20220301;4;1;19507.69;4303.30
20220401;4;3;6969.14;1677.65
20220501;4;2;18124.69;4361.81
20220601;4;5;7539.31;1739.13
20220701;4;4;13775.92;3591.49
20220801;4;5;21611.24;6284.69
20220901;4;4;17029.82;4952.51
20221001;4;1;11729.72;3528.95
20221101;4;3;18426.61;4619.93
20221201;4;1;7818.49;1568.46
20210101;5;3;21232.10;6812.75
20210201;5;5;16106.21;4199.05
20210301;5;5;22235.90;5128.23
20210401;5;5;14644.11;3524.04
20210501;5;5;8696.56;2354.68
20210601;5;3;15742.95;4893.90
20210701;5;2;23095.12;7411.37
20210801;5;4;23591.07;7570.20
20210901;5;3;15274.64;3675.90
20211001;5;2;18692.92;4311.22
20211101;5;5;5669.33;1194.17
20211201;5;5;10831.85;2716.00
20220101;5;5;21457.82;4518.69
20220201;5;5;19552.17;4901.89
20220301;5;3;12757.27;3837.70
20220401;5;5;16480.43;4626.93
20220501;5;4;16643.75;5007.06
20220601;5;1;16514.09;5796.29
20220701;5;2;11040.74;3210.31
20220801;5;3;20301.53;6514.96
20220901;5;4;7472.03;2622.68
20221001;5;2;17687.14;4078.93
20221101;5;3;24571.14;8377.22
20221201;5;2;17381.27;5228.42
20210101;1;5;11840.63;3324.55
20210201;1;2;22629.88;4765.93
20210301;1;5;9651.87;3097.15
20210401;1;2;17199.11;5691.05
20210501;1;1;9142.06;2933.37
20210601;1;2;15339.03;3845.69
20210701;1;3;19443.27;6434.60
20210801;1;1;10940.72;2742.80
20210901;1;1;13036.42;4575.25
20211001;1;4;9832.05;3352.27
20211101;1;4;12817.66;3341.38
20211201;1;3;11829.74;3915.15
20220101;1;3;16797.20;4379.69
20220201;1;2;19582.86;5695.01
20220301;1;4;7012.67;2320.89
20220401;1;4;26404.52;6090.15
20220501;1;4;26129.27;5502.39
20220601;1;3;16972.43;4254.62
20220701;1;3;17462.45;3852.62
20220801;1;3;19199.76;3850.61
20220901;1;1;17772.28;4811.50
20221001;1;2;24116.76;8222.45
20221101;1;5;17686.19;3546.81
20221201;1;5;19543.26;6075.27
20210101;2;5;17280.29;5717.88
20210201;2;3;18659.26;4116.68
20210301;2;1;5945.58;1610.14
20210401;2;5;25591.76;7442.19
20210501;2;2;17208.02;3795.99
20210601;2;1;12239.54;2577.04
20210701;2;2;10520.00;3269.87
20210801;2;1;21823.10;5908.49
20210901;2;4;24233.58;7047.08
20211001;2;2;5868.36;1824.57
20211101;2;1;26368.85;5553.04
20211201;2;5;20371.82;4493.91
20220101;2;1;13938.24;4053.13
20220201;2;2;6971.09;2307.00
20220301;2;4;7650.23;1841.43
20220401;2;4;19989.72;5011.05
20220501;2;3;14169.90;4262.61
20220601;2;5;15102.42;3483.32
20220701;2;5;13779.91;4836.38
20220801;2;1;13208.68;2649.44
20220901;2;3;19673.94;4932.68
20221001;2;3;9780.54;2255.42
20221101;2;3;5251.59;1843.41
20221201;2;1;14198.61;4983.30
20210101;3;5;18751.29;5076.52
20210201;3;1;10427.04;3032.63
20210301;3;4;15000.48;5265.18
20210401;3;5;22846.69;7560.27
20210501;3;2;10524.95;3693.82
20210601;3;2;6977.06;1539.65
20210701;3;3;8119.42;1790.84
20210801;3;4;23164.45;5110.35
20210901;3;3;18193.96;4744.05
20211001;3;1;18353.38;4784.74
20211101;3;3;5594.13;1570.44
20211201;3;1;8485.72;2553.21
20220101;3;3;13077.01;4327.13
20220201;3;1;7865.06;1735.24
20220301;3;4;21681.53;4565.35
20220401;3;3;18054.40;3801.93
20220501;3;5;24740.40;6202.28
20220601;3;1;6402.92;2182.88
20220701;3;4;9850.83;3358.25
20220801;3;4;18487.00;4263.60
20220901;3;2;20510.42;4113.68
20221001;3;5;25351.16;7118.60
20221101;3;3;12210.83;3183.54
20221201;3;4;14110.47;2830.18
20210101;4;3;17766.31;5344.61
20210201;4;2;23933.61;7199.94
20210301;4;1;10767.47;2807.31
20210401;4;1;14289.69;3868.46
20210501;4;5;11754.47;3064.41
20210601;4;2;23882.13;5028.90
20210701;4;3;22666.55;6136.78
20210801;4;4;8422.39;2448.93
20210901;4;1;5712.96;1890.08
20211001;4;3;24199.92;6551.75
20211101;4;4;18450.40;4440.28
20211201;4;1;23786.14;7632.77
20220101;4;3;9108.40;3105.17
20220201;4;4;14092.75;4663.63
20220301;4;1;17930.65;4135.53
20220401;4;4;16719.98;4358.87
20220501;4;2;25046.31;8036.75
20220601;4;1;17391.13;4708.31
20220701;4;5;20375.82;6538.75
20220801;4;3;20750.04;4161.30
20220901;4;5;18732.52;5259.28
20221001;4;1;19179.93;5192.72
20221101;4;3;10016.16;2511.50
20221201;4;4;17899.99;4666.63
20210101;5;2;26489.60;7703.22
20210201;5;4;17200.10;5174.86
20210301;5;2;25394.79;8658.14
20210401;5;4;14229.30;4566.34
20210501;5;2;25487.81;6645.05
20210601;5;4;10597.22;2656.40
20210701;5;2;25282.88;7098.66
20210801;5;2;5132.82;1646.83
20210901;5;4;20874.71;7117.57
20211001;5;1;11986.10;3725.54
20211101;5;4;6832.49;1713.39
20211201;5;1;6579.14;1385.80
20220101;5;4;21943.85;6380.95
20220201;5;3;7053.29;1414.55
20220301;5;5;6858.26;1375.90
20220401;5;1;11954.45;4196.08
20220501;5;1;7833.34;2749.76
20220601;5;5;8747.08;1842.46
20220701;5;5;6538.49;1769.99
20220801;5;4;26373.80;7405.43
20220901;5;2;15001.44;4663.63
20221001;5;3;16502.21;4964.42
20221101;5;4;23082.25;7175.09
20221201;5;3;14976.72;4354.91
20210101;1;4;14717.34;2951.26
20210201;1;1;14060.05;2820.18
20210301;1;5;15953.78;4319.17
20210401;1;4;25894.74;8049.66
20210501;1;4;19645.23;5318.81
20210601;1;1;20726.21;6650.95
20210701;1;3;16713.05;4692.40
20210801;1;4;11036.75;3873.44
20210901;1;3;9699.36;3209.35
20211001;1;3;14080.84;3811.86
20211101;1;3;12491.99;3006.80
20211201;1;5;5167.47;1813.61
20220101;1;4;8759.92;2547.24
20220201;1;4;12170.20;3538.92
20220301;1;2;11628.77;2798.40
20220401;1;3;17651.50;4956.50
20220501;1;1;5673.29;1706.40
20220601;1;5;6718.64;1886.12
20220701;1;1;9210.30;2585.98
20220801;1;1;10802.15;3574.69
20220901;1;2;19612.53;6097.08
20221001;1;2;5099.16;1074.15
20221101;1;3;22810.03;7090.74
20221201;1;4;24251.40;5350.55
20210101;2;5;24367.20;4887.00
20210201;2;3;9401.40;2828.13
20210301;2;4;19725.42;5340.62
20210401;2;1;24161.31;8479.45
20210501;2;1;7265.12;1675.67
20210601;2;2;15454.86;3254.99
20210701;2;3;6950.36;1463.22
20210801;2;3;23939.55;7442.19
20210901;2;3;14548.12;4668.58
20211001;2;2;15997.31;4010.46
20211101;2;1;23291.14;5605.71
20211201;2;3;17963.35;5043.82
20220101;2;4;9909.27;3080.29
20220201;2;3;25188.87;5809.12
20220301;2;1;12778.10;3459.52
20220401;2;2;16151.75;5021.02
20220501;2;1;11900.99;3577.60
20220601;2;5;23842.53;8129.09
20220701;2;1;6135.62;2091.61
20220801;2;4;5988.11;1500.91
20220901;2;2;15604.35;5007.06
20221001;2;2;8526.31;2309.01
20221101;2;3;24174.18;8242.25
20221201;2;1;9601.35;3177.57
20210101;3;3;13962.99;2940.37
20210201;3;4;20504.48;5140.15
20210301;3;5;9503.37;2858.86
20210401;3;1;11530.76;3699.73
20210501;3;1;25611.56;7191.00
20210601;3;2;19192.80;6351.21
20210701;3;2;17474.33;4204.99
20210801;3;1;10929.86;3617.36
20210901;3;1;10891.25;2183.91
20211001;3;5;14265.97;3862.52
20211101;3;1;18851.28;4536.61
20211201;3;4;22200.29;7123.55
20220101;3;5;26263.91;8427.87
20220201;3;3;6818.66;1846.42
20220301;3;3;16637.81;3837.70
20220401;3;2;14905.44;3886.34
20220501;3;4;20999.45;4843.28
20220601;3;1;8781.73;2818.20
20220701;3;1;19448.25;5070.62
20220801;3;2;5609.93;1630.99
20220901;3;2;12489.02;3882.38
20221001;3;3;21692.39;5220.53
20221101;3;1;12749.32;4346.93
20221201;3;4;21065.78;7182.05
20210101;4;3;14344.14;3883.34
20210201;4;2;10383.38;2186.91
20210301;4;2;10040.88;2416.23
20210401;4;1;26646.02;7481.83
20210501;4;5;20846.99;7107.61
20210601;4;5;20036.25;6630.10
20210701;4;1;10413.08;2088.60
20210801;4;2;25221.50;5058.74
20210901;4;2;22245.76;5353.56
20211001;4;4;22265.60;4911.79
20211101;4;4;17192.21;5171.86
20211201;4;5;24728.52;8679.03
20220101;4;1;7008.67;2108.44
20220201;4;3;11325.86;3179.55
20220301;4;5;24437.49;6861.46
20220401;4;5;9851.79;2074.71
20220501;4;1;9336.06;2902.61
20220601;4;5;18388.03;6085.13
20220701;4;1;19791.72;4564.36
20220801;4;4;6676.13;1874.20
20220901;4;4;16866.50;4228.82
20221001;4;1;7986.73;1921.85
20221101;4;5;17739.65;3557.80
20221201;4;3;20214.48;5676.20
20210101;5;2;26696.51;9369.89
20210201;5;4;26434.19;5301.91
20210301;5;5;5674.28;1137.68
20210401;5;1;19795.71;5558.06
20210501;5;4;11620.79;3728.47
20210601;5;3;18357.31;4233.83
20210701;5;2;15661.77;5496.45
20210801;5;5;25141.35;6050.39
20210901;5;2;15816.14;3489.29
20211001;5;4;12939.43;3892.32
20211101;5;4;20427.26;7169.15
20211201;5;2;19103.77;6704.54
20220101;5;4;10370.55;3327.49
20220201;5;4;19720.47;6328.38
20220301;5;1;17841.58;5724.81
20220401;5;3;20670.80;5181.86
20220501;5;3;19659.09;4139.52
20220601;5;1;17437.66;5246.34
20220701;5;2;20790.56;5629.54
20220801;5;1;16170.56;4540.47
20220901;5;2;7339.33;1692.57
20221001;5;1;19395.78;6224.13
20221101;5;1;24269.22;6813.81
20221201;5;3;25347.23;7879.94
20210101;1;5;13157.23;3693.82
20210201;1;3;17547.55;5630.49
20210301;1;1;16844.72;5405.17
20210401;1;3;22420.04;5170.87
20210501;1;4;7184.96;1801.70
20210601;1;3;6649.34;2133.32
20210701;1;2;8179.84;1968.48
20210801;1;4;25479.86;5621.52
20210901;1;3;8251.09;2730.88
20211001;1;1;16586.33;3991.61
20211101;1;4;20326.32;7134.40
20211201;1;5;12619.70;3923.11
20220101;1;1;8930.26;2955.22
20220201;1;2;10152.75;2647.46
20220301;1;3;22365.55;7625.81
20220401;1;5;13900.62;4460.12
20220501;1;4;9688.47;2719.96
20220601;1;5;22547.71;5200.67
20220701;1;4;17762.35;4453.25
20220801;1;3;18621.64;5228.42
20220901;1;5;21449.87;7313.10
20221001;1;1;14717.34;2951.26
20221101;1;5;24498.90;7615.87
20221201;1;5;13788.79;2765.63
20210101;2;4;13012.69;3131.93
20210201;2;2;9868.65;2672.31
20210301;2;1;6635.54;2328.84
20210401;2;2;7237.40;1669.77
20210501;2;1;15992.36;4169.25
20210601;2;2;13151.29;4615.97
20210701;2;4;18176.20;3827.80
20210801;2;5;14528.28;4807.57
20210901;2;3;7733.35;1629.01
20211001;2;4;23115.94;6026.56
20211101;2;1;12743.45;4344.98
20211201;2;2;5004.12;1103.85
20220101;2;5;14327.35;3016.73
20220201;2;4;14691.60;4272.51
20220301;2;2;26191.67;7091.70
20220401;2;5;22979.35;5530.27
20220501;2;3;13664.05;3699.73
20220601;2;3;25855.07;8555.94
20220701;2;1;23229.79;6521.96
20220801;2;3;9278.64;2233.54
20220901;2;3;8567.86;2233.54
20221001;2;3;23861.34;7417.34
20221101;2;5;4949.67;1240.87
20221201;2;3;24322.68;8048.70
20210101;3;4;17252.53;3805.92
20210201;3;2;15198.41;5334.68
20210301;3;4;6863.24;1651.85
20210401;3;4;10150.73;2545.22
20210501;3;2;12030.68;2774.57
20210601;3;3;26140.19;5504.47
20210701;3;2;21539.96;7560.27
20210801;3;5;11560.46;3593.54
20210901;3;1;25710.53;6703.62
20211001;3;4;15432.09;4178.20
20211101;3;4;23980.14;5531.20
20211201;3;2;12948.31;4544.53
20220101;3;2;10478.46;3467.44
20220201;3;2;20566.85;5774.41
20220301;3;3;23915.79;7913.66
20220401;3;4;21362.75;7068.90
20220501;3;3;17956.36;4681.51
20220601;3;4;25995.68;8862.68
20220701;3;1;11627.78;3847.60
20220801;3;2;5560.47;1393.72
20220901;3;3;11705.99;2582.94
20221001;3;3;5222.91;1361.98
20221101;3;3;8502.55;2216.68
20221201;3;3;16146.83;4371.77
20210101;4;4;10981.34;3744.44
20210201;4;1;25358.12;8645.27
20210301;4;1;22052.75;7076.82
20210401;4;2;17910.88;3772.16
20210501;4;2;19517.52;5088.47
20210601;4;5;10179.51;2857.93
20210701;4;2;5197.14;1146.52
20210801;4;5;24145.47;7021.25
20210901;4;3;12110.84;2914.53
20211001;4;3;20556.95;5153.97
20211101;4;1;15302.40;3069.36
20211201;4;4;9153.90;2662.37
20220101;4;4;18425.65;4434.34
20220201;4;2;8468.86;1953.57
20220301;4;3;5630.76;1129.66
20220401;4;1;20384.66;4087.84
20220501;4;3;4986.30;1300.43
20220601;4;3;24998.79;7770.74
20220701;4;1;26719.31;6162.59
20220801;4;2;26342.18;6868.36
20220901;4;2;21169.73;7217.79
20221001;4;4;16024.04;5302.87
20221101;4;2;13675.93;4251.72
20221201;4;1;24651.33;4943.60
20210101;5;5;24774.09;6955.71
20210201;5;5;18698.82;4125.59
20210301;5;3;24180.12;7758.80
20210401;5;2;24333.57;6832.65
20210501;5;2;23020.87;4616.96
20210601;5;4;18897.81;3979.70
20210701;5;3;5725.80;1206.08
20210801;5;2;26619.32;7206.94
20210901;5;1;26640.11;8013.95
20211001;5;4;21306.35;5128.23
20211101;5;1;20025.32;5823.11
20211201;5;4;10971.44;3740.39
20220101;5;5;11679.26;2459.82
20220201;5;1;5189.22;1717.35
20220301;5;3;9920.13;2785.46
20220401;5;2;23578.20;6620.20
20220501;5;4;7671.97;2154.14
20220601;5;4;11961.41;2638.61
20220701;5;1;10590.29;2866.88
20220801;5;5;16640.81;5339.66
20220901;5;2;22867.45;7567.26
20221001;5;2;17598.04;4588.19
20221101;5;1;22772.41;5937.26
20221201;5;5;22101.29;6870.40
20210101;1;2;5175.36;1712.37
20210201;1;1;22811.02;5261.16
20210301;1;1;21575.60;7355.77
20210401;1;1;23261.47;6064.31
20210501;1;5;19201.78;4813.51
20210601;1;4;24145.47;6295.58
20210701;1;4;17456.51;5251.32
20210801;1;3;5092.23;1786.82
20210901;1;4;20778.68;6250.96
20211001;1;5;12407.84;2736.82
20211101;1;5;5965.31;1913.93
20211201;1;5;12554.36;3398.93
20220101;1;5;24691.85;6437.54
20220201;1;2;9860.73;2669.37
20220301;1;3;13632.40;3417.78
20220401;1;3;12063.35;3508.13
20220501;1;4;15510.23;3111.08
20220601;1;3;18845.34;4913.80
20220701;1;5;19763.04;6341.25
20220801;1;5;22419.01;4945.51
20220901;1;2;20948.00;7351.84
20221001;1;5;16039.88;5307.89
20221101;1;4;9358.80;1970.50
20221201;1;2;20987.57;6103.02
20210101;2;1;19873.92;6576.50
20210201;2;4;21064.76;6337.32
20210301;2;4;20337.17;7137.41
20210401;2;1;24638.43;6670.88
20210501;2;1;13827.40;4298.32
20210601;2;1;18571.18;5027.98
20210701;2;2;12784.96;4358.87
20210801;2;2;23956.38;4804.57
20210901;2;2;12809.71;3725.54
20211001;2;4;5472.36;1097.94
20211101;2;1;21216.26;5957.09
20211201;2;1;5164.47;1450.35
20220101;2;3;22211.11;6904.10
20220201;2;2;26212.40;8674.08
20220301;2;2;22931.77;7128.46
20220401;2;5;22847.65;4811.50
20220501;2;3;18688.96;5622.61
20220601;2;4;6560.30;1644.92
20220701;2;4;14518.35;5095.46
20220801;2;4;7196.84;2092.63
20220901;2;4;10908.05;2297.10
20221001;2;3;9101.47;2372.54
20221101;2;1;11819.81;3555.82
20221201;2;3;5166.48;1709.40
20210101;3;5;5776.29;1622.08
20210201;3;4;13694.74;3570.63
20210301;3;2;23835.64;6931.88
20210401;3;4;11843.54;2969.14
20210501;3;2;19863.00;5178.82
20210601;3;1;17565.37;4579.25
20210701;3;1;25811.51;8540.99
20210801;3;2;19515.54;6653.96
20210901;3;4;23826.73;8362.37
20211001;3;1;22828.84;7096.72
20211101;3;5;15189.54;3807.97
20211201;3;3;13351.24;3748.37
20220101;3;1;17312.96;6076.26
20220201;3;5;9671.67;2521.43
20220301;3;3;13867.99;4867.14
20220401;3;5;11044.67;3433.68
20220501;3;2;22299.26;6931.88
20220601;3;2;22988.20;6454.40
20220701;3;1;11252.57;2482.72
20220801;3;3;8207.56;2057.81
20220901;3;1;10514.06;2108.44
20221001;3;2;12287.06;3203.38
20221101;3;4;17767.33;5166.88
20221201;3;5;9935.97;2789.42
20210101;4;2;17404.99;4363.89
20210201;4;1;21917.12;5713.88
20210301;4;1;7816.55;2273.24
20210401;4;5;7690.78;2159.06
20210501;4;5;14271.84;3005.87
20210601;4;3;24658.26;6428.63
20210701;4;1;7143.35;2005.25
20210801;4;1;11604.02;2326.90
20210901;4;4;7934.32;2546.21
20211001;4;3;10644.74;2562.15
20211101;4;1;26631.17;8546.04
20211201;4;2;14648.07;3231.16
20220101;4;3;25246.29;5063.69
20220201;4;1;20999.45;4211.96
20220301;4;2;12657.32;2665.34
20220401;4;3;16502.21;4633.86
20220501;4;3;15867.62;3660.00
20220601;4;4;13703.65;4672.57
20220701;4;3;6997.85;1824.57
20220801;4;3;15443.93;4181.17
20220901;4;5;8749.98;2895.65
20221001;4;4;6165.29;1669.77
20221101;4;4;14591.61;4975.31
20221201;4;3;18294.97;6420.71
20210101;5;2;16139.84;4046.20
20210201;5;1;19128.48;6713.52
20210301;5;4;18050.44;4525.62
20210401;5;2;20341.13;6323.39
20210501;5;2;9279.67;2419.16
20210601;5;5;17038.73;5467.74
20210701;5;1;5861.43;1410.65
20210801;5;1;19829.34;5567.93
20210901;5;2;21418.22;4295.35
20211001;5;1;11575.28;4063.06
20211101;5;2;19440.30;4093.82
20211201;5;1;7249.31;2108.44
20220101;5;3;19798.68;4169.25
20220201;5;1;24453.33;6376.03
20220301;5;4;16570.49;5151.04
20220401;5;5;15575.60;4842.32
20220501;5;3;20009.55;4815.53
20220601;5;5;25417.56;7901.75
20220701;5;2;23902.96;4793.65
20220801;5;1;14260.98;4719.20
20220901;5;3;14910.36;4336.04
20221001;5;5;25216.62;8850.80
20221101;5;4;26244.17;6579.51
20221201;5;4;12577.09;4288.38
20210101;1;4;6056.42;1457.28
20210201;1;3;14883.66;3880.37
20210301;1;4;20509.43;6787.01
20210401;1;2;15140.04;3036.63
20210501;1;1;11779.22;2362.60
20210601;1;2;23808.91;6923.99
20210701;1;1;11932.64;2632.58
20210801;1;2;17852.44;5550.07
20210901;1;4;9268.74;2788.50
20211001;1;2;17884.12;5200.67
20211101;1;5;25856.09;6482.22
20211201;1;1;17857.39;4477.08
20220101;1;3;5540.63;1110.81
20220201;1;4;26506.46;6112.95
20220301;1;1;15703.28;3464.47
20220401;1;2;23736.60;5951.15
20220501;1;1;13231.48;3847.60
20220601;1;5;25956.08;5465.69
20220701;1;3;5710.95;1145.53
20220801;1;5;24249.42;8267.99
20220901;1;3;13445.32;2696.17
20221001;1;4;25083.89;5282.11
20221101;1;2;9830.01;2365.57
20221201;1;2;21422.18;4940.60
20210101;2;5;7520.50;1658.78
20210201;2;5;21840.92;6570.60
20210301;2;1;18688.96;3748.37
20210401;2;1;7207.70;1590.27
20210501;2;3;12379.09;2606.80
20210601;2;1;13390.81;2685.14
20210701;2;1;19134.39;4029.30
20210801;2;5;24779.01;4969.34
20210901;2;5;26566.85;5860.80
20211001;2;4;9004.45;1805.69
20211101;2;3;10399.26;3233.14
20211201;2;5;9781.53;3432.73
20220101;2;5;6547.43;1444.31
20220201;2;1;24223.68;8259.14
20220301;2;5;19548.21;5488.53
20220401;2;4;8192.71;2711.05
20220501;2;3;13386.88;4295.35
20220601;2;4;24659.25;8655.21
20220701;2;2;25931.30;8840.87
20220801;2;2;7993.72;1603.21
20220901;2;2;19158.15;5570.93
20221001;2;1;24093.00;7973.23
20221101;2;4;14462.94;3771.21
20221201;2;4;21382.58;6432.62
20210101;3;4;24918.60;8246.24
20210201;3;3;14536.17;4518.69
20210301;3;5;21538.01;7127.44
20210401;3;2;12567.26;3906.21
20210501;3;5;26065.94;8625.38
20210601;3;3;23453.50;6114.90
20210701;3;2;20989.55;5051.77
20210801;3;3;16337.84;5406.19
20210901;3;4;23300.05;6541.76
20211001;3;3;6352.40;1655.78
20211101;3;5;7641.32;2604.82
20211201;3;2;21100.43;6771.11
20220101;3;1;16330.97;4912.74
20220201;3;2;25918.46;5717.88
20220301;3;4;26042.21;6789.98
20220401;3;3;12410.81;3236.21
20220501;3;5;19480.89;5665.28
20220601;3;1;23931.63;6959.73
20220701;3;2;7057.22;1628.02
20220801;3;1;19292.79;4063.06
20220901;3;3;5959.40;1195.19
20221001;3;2;5509.94;1381.78
20221101;3;1;25706.60;5929.31
20221201;3;1;19225.54;5205.68
20210101;4;3;23681.20;7598.98
20210201;4;1;16667.51;5014.05
20210301;4;4;24963.11;7259.51
20210401;4;2;18737.43;6200.34
20210501;4;2;20782.64;5626.50
20210601;4;1;18389.02;3872.48
20210701;4;3;25153.19;5044.84
20210801;4;2;26094.65;8896.40
20210901;4;3;7457.21;2169.06
20211001;4;4;5623.76;1127.71
20211101;4;2;9898.38;2977.99
20211201;4;2;12784.00;3333.46
20220101;4;4;19001.80;4382.66
20220201;4;3;15287.51;3372.17
20220301;4;3;20777.69;4791.70
20220401;4;5;14284.74;5014.05
20220501;4;2;20102.58;5241.39
20220601;4;5;5192.22;1665.71
20220701;4;3;7351.28;2063.75
20220801;4;4;14624.31;4839.35
20220901;4;2;21358.82;4712.27
20221001;4;1;9816.18;3051.44
20221101;4;4;18030.61;4882.02
20221201;4;2;17601.01;6177.50
20210101;5;1;15253.89;4283.43
20210201;5;4;14755.92;4291.39
20210301;5;2;13046.32;4448.20
20210401;5;5;10850.70;3699.73
20210501;5;1;24703.77;6193.31
20210601;5;4;18473.17;3704.65
20210701;5;1;19359.12;6600.30
20210801;5;3;21073.67;4226.87
20210901;5;3;10140.87;3356.23
20211001;5;3;22674.43;5002.11
20211101;5;4;9138.06;2566.08
20211201;5;3;5806.98;1456.22
20220101;5;5;16533.86;4477.08
20220201;5;4;9680.58;3300.73
20220301;5;4;20612.39;6820.74
20220401;5;1;16482.41;3636.20
20220501;5;1;6218.78;2182.88
20220601;5;1;11387.21;2284.19
20220701;5;1;14331.21;3592.55
20220801;5;1;15977.54;5287.06
20220901;5;2;25073.00;5280.10
20221001;5;2;8077.87;2430.09
20221101;5;1;12330.62;3709.66
20221201;5;1;10549.70;2327.85
20210101;1;5;21643.88;4341.02
20210201;1;3;10315.14;3206.38
20210301;1;1;6675.11;2208.76
20210401;1;2;10511.09;2846.02
20210501;1;2;21899.33;6368.08
20210601;1;5;14113.51;4811.50
20210701;1;3;20055.09;5228.42
20210801;1;3;6512.72;2286.17
20210901;1;4;10293.33;3405.86
20211001;1;2;8094.70;2191.86
20211101;1;4;16421.03;4281.45
20211201;1;5;9939.93;2093.52
20220101;1;4;25042.35;7031.21
20220201;1;3;7021.61;1479.09
20220301;1;4;15060.84;4077.98
20220401;1;4;26344.10;8189.64
20220501;1;2;9441.96;2177.97
20220601;1;3;20995.49;4210.97
20220701;1;3;15748.89;5211.59
20220801;1;4;26599.52;5334.68
20220901;1;4;8212.51;2306.04
20221001;1;4;24978.00;5510.41
20221101;1;5;12206.87;3060.49
20221201;1;5;21972.59;5288.02
20210101;2;2;23111.98;7416.35
20210201;2;3;18113.80;4178.20
20210301;2;1;21923.12;7254.59
20210401;2;4;24856.19;5483.58
20210501;2;3;17346.62;5392.27
20210601;2;1;8911.35;3038.64
20210701;2;3;4979.37;1598.29
20210801;2;5;26595.59;7733.98
20210901;2;3;14615.37;5129.19
20211001;2;4;16371.50;4268.55
20211101;2;5;24214.81;8256.07
20211201;2;3;20114.49;5445.86
20220101;2;1;9597.42;2021.15
20220201;2;4;6534.56;1441.34
20220301;2;3;20840.09;4179.22
20220401;2;2;21387.50;7077.84
20220501;2;3;6222.74;2058.77
20220601;2;5;25410.56;7898.78
20220701;2;5;14470.86;3482.36
20220801;2;5;19231.44;5206.64
20220901;2;1;9392.53;2071.74
20221001;2;3;24293.97;7552.35
20221101;2;4;17197.13;3794.01
20221201;2;1;12432.59;3491.27
20210101;3;5;18793.90;3769.23
20210201;3;3;14501.55;3635.18
20210301;3;1;21517.22;5394.25
20210401;3;5;18312.76;4958.48
20210501;3;4;20259.99;5282.11
20210601;3;1;11355.56;2732.90
20210701;3;3;21995.36;6837.63
20210801;3;4;9178.69;2208.76
20210901;3;3;6571.19;2108.44
20211001;3;4;7085.96;2131.31
20211101;3;5;17026.88;5634.52
20211201;3;3;11532.74;2312.94
20220101;3;1;14779.68;5187.77
20220201;3;5;19693.71;6516.97
20220301;3;5;19394.73;6806.81
20220401;3;5;14670.81;3824.83
20220501;3;1;13778.85;4836.38
20220601;3;2;17326.82;4343.99
20220701;3;5;21193.49;7438.20
20220801;3;1;13538.35;4072.96
20220901;3;3;7324.52;2350.69
20221001;3;3;9400.41;1979.44
20221101;3;2;5447.64;1256.77
20221201;3;5;22414.06;6517.93
20210101;4;3;10093.41;2226.58
20210201;4;2;25096.76;7298.21
20210301;4;2;17475.28;4206.02
20210401;4;3;5842.58;1405.64
20210501;4;3;12228.65;3310.63
20210601;4;2;8911.35;1876.18
20210701;4;3;9726.09;2438.07
20210801;4;4;22987.27;7376.66
20210901;4;2;12524.66;3642.11
20211001;4;4;25544.21;8452.69
20211101;4;3;18939.39;4748.04
20211201;4;2;20124.32;5650.29
20220101;4;1;24820.55;6222.12
20220201;4;1;20024.40;5803.22
20220301;4;5;19027.50;4960.46
20220401;4;3;6300.92;1832.49
20220501;4;1;15596.36;5317.82
20220601;4;3;11629.76;2682.21
20220701;4;4;19170.03;4037.22
20220801;4;3;16706.12;4523.67
20220901;4;5;11933.63;4188.13
20221001;4;4;6795.89;2316.93
20221101;4;2;9821.16;3446.59
20221201;4;2;17593.13;4058.11
20210101;5;5;13217.56;2783.45
20210201;5;2;25910.51;8573.80
20210301;5;5;23275.33;5135.20
20210401;5;3;25011.69;7774.70
20210501;5;2;13667.02;3563.70
20210601;5;5;25760.06;6974.58
20210701;5;5;26047.13;6007.72
20210801;5;5;13005.73;4173.21
20210901;5;3;25961.99;7029.20
20211001;5;2;21106.40;5714.91
20211101;5;5;13346.29;3479.36
20211201;5;2;14668.83;4707.25
20220101;5;2;14787.63;5189.75
20220201;5;3;20527.29;4323.13
20220301;5;2;21015.26;6954.75
20220401;5;2;18484.03;4263.60
20220501;5;4;18812.67;6413.75
20220601;5;4;11329.82;2385.41
20220701;5;3;22266.59;4689.43
20220801;5;5;11923.79;2869.88
20220901;5;4;11408.96;3661.05
20221001;5;1;16317.08;4908.85
20221101;5;3;7293.83;1463.22
20221201;5;1;22347.73;5827.04
20210101;1;1;24437.49;6371.01
20210201;1;3;11047.64;3323.50
20210301;1;1;6950.36;1811.70
20210401;1;4;12751.33;4219.91
20210501;1;1;22928.83;5518.36
20210601;1;2;14384.70;2884.73
20210701;1;2;20491.58;4315.21
20210801;1;2;9441.00;3123.98
20210901;1;2;25464.09;8681.97
20211001;1;1;10151.76;2646.50
20211101;1;2;21601.37;7581.16
20211201;1;1;22286.35;6034.48
20220101;1;3;14120.37;4247.66
20220201;1;2;12554.36;3021.74
20220301;1;2;6971.09;2097.58
20220401;1;2;4958.58;1640.89
20220501;1;3;8269.87;2156.09
20220601;1;3;16412.06;5101.40
20220701;1;5;24753.27;7943.40
20220801;1;2;6679.10;1942.71
20220901;1;4;10469.51;3044.55
20221001;1;5;10633.85;2132.26
20221101;1;2;26601.50;6401.80
20221201;1;5;25538.30;5122.26
20210101;2;3;9735.03;2245.45
20210201;2;3;7144.34;1862.29
20210301;2;3;14296.59;5018.05
20210401;2;2;9177.70;2392.40
20210501;2;2;15642.92;3764.21
20210601;2;5;8042.23;1773.92
20210701;2;5;15305.40;4297.33
20210801;2;2;22625.92;6353.16
20210901;2;2;12189.08;2689.14
20211001;2;4;8006.59;2569.12
20211101;2;2;6496.94;1759.07
20211201;2;4;11666.39;3977.69
20220101;2;3;18682.03;5432.99
20220201;2;5;17816.87;6252.87
20220301;2;4;25879.79;6747.25
20220401;2;5;6694.94;1543.64
20220501;2;4;23248.63;6527.93
20220601;2;3;14263.00;3575.62
20220701;2;1;22191.35;5340.62
20220801;2;3;16185.44;4219.91
20220901;2;1;15525.15;5293.00
20221001;2;3;17534.68;4748.04
20221101;2;3;12959.23;4548.52
20221201;2;3;23308.99;7713.16
20210101;3;5;16583.33;4989.27
20210201;3;3;23307.01;5842.95
20210301;3;3;19152.21;4801.63
20210401;3;1;13526.44;2848.03
20210501;3;5;17236.69;4321.15
20210601;3;2;9150.93;2385.41
20210701;3;4;6099.95;1773.92
20210801;3;3;17896.00;3947.89
20210901;3;1;10787.30;3677.85
20211001;3;2;19831.35;5966.07
20211101;3;4;14717.34;4722.20
20211201;3;3;24837.42;5977.98
20220101;3;2;20065.95;6640.03
20220201;3;1;25996.64;5995.77
20220301;3;5;6631.55;2128.30
20220401;3;5;17594.08;4763.88
20220501;3;2;8244.13;2314.95
20220601;3;3;16932.80;4244.72
20220701;3;1;15024.24;3163.68
20220801;3;1;16970.42;4934.66
20220901;3;1;6152.42;1295.45
20221001;3;5;20778.68;4792.69
20221101;3;4;17181.29;5857.86
20221201;3;3;21871.58;5701.97
20210101;4;5;25785.77;6981.58
20210201;4;4;7965.97;2716.00
20210301;4;3;7765.03;2335.81
20210401;4;3;11656.46;3857.63
20210501;4;1;25665.98;5147.11
20210601;4;1;24203.88;6310.52
20210701;4;4;12445.46;4367.78
20210801;4;3;15045.03;3922.12
20210901;4;5;13567.03;4489.91
20211001;4;2;17410.93;3665.94
20211101;4;3;6308.87;1265.65
20211201;4;4;7281.98;1898.99
20220101;4;4;6449.42;1357.95
20220201;4;5;14184.72;2845.03
20220301;4;2;7432.43;1491.01
20220401;4;5;21471.65;6674.78
20220501;4;5;24686.97;6436.52
20220601;4;1;20778.68;6042.50
20220701;4;1;26540.12;6120.87
20220801;4;3;15579.60;5311.81
20220901;4;5;17258.51;4327.13
20221001;4;1;25926.38;5719.79
20221101;4;3;5342.70;1714.35
20221201;4;2;7310.66;2566.08
20210101;5;2;16619.99;4166.28
20210201;5;4;8843.11;3104.11
20210301;5;5;8741.07;2103.52
20210401;5;1;6980.03;1819.62
20210501;5;4;10677.41;3212.39
20210601;5;2;11509.94;2654.42
20210701;5;3;23274.31;7702.27
20210801;5;1;11491.13;2765.63
20210901;5;3;10703.15;2254.40
20211001;5;4;14805.48;4305.28
20211101;5;1;9787.47;2552.22
20211201;5;3;11497.07;3804.97
20220101;5;3;20165.94;7077.84
20220201;5;2;15825.08;3173.58
20220301;5;1;11446.61;3328.45
20220401;5;4;19719.48;4152.42
20220501;5;3;11681.24;2928.42
20220601;5;2;11328.83;2499.59
20220701;5;4;20125.31;7063.98
20220801;5;3;18807.72;4526.64
20220901;5;4;17583.19;6171.46
20221001;5;3;26399.54;7941.48
20221101;5;3;25629.38;7195.95
20221201;5;1;21056.87;5489.52
20210101;1;3;25003.74;7271.42
20210201;1;1;20626.25;6411.74
20210301;1;3;9720.18;2728.94
20210401;1;3;10842.74;3805.92
20210501;1;1;17136.74;3952.91
20210601;1;3;22390.30;6286.70
20210701;1;2;24194.97;8491.36
20210801;1;5;24627.57;8149.94
20210901;1;1;13656.16;4108.70
20211001;1;1;18399.91;4059.07
20211101;1;1;22298.23;4472.03
20211201;1;4;22666.55;5227.50
20220101;1;5;7484.90;1801.70
20220201;1;3;6416.75;1801.70
20220301;1;3;23191.15;6744.28
20220401;1;4;12037.61;3983.66
20220501;1;3;6138.59;1784.84
20220601;1;5;9124.20;2195.85
20220701;1;2;10818.95;2712.04
20220801;1;2;18097.96;5263.20
20220901;1;2;5051.64;1216.05
20221001;1;1;24648.29;8156.87
20221101;1;4;10111.17;3142.85
20221201;1;1;12064.31;3992.57
20210101;2;5;24943.38;5752.63
20210201;2;5;8322.37;2336.73
20210301;2;1;18555.31;5954.16
20210401;2;2;7560.14;2426.16
20210501;2;3;24746.37;8684.97
20210601;2;3;22649.68;7949.40
20210701;2;3;20090.73;6446.45
20210801;2;2;6946.37;1392.77
20210901;2;2;10078.50;3132.86
20211001;2;2;17893.06;4485.92
20211101;2;4;13940.26;3075.37
20211201;2;5;7737.31;2094.58
20220101;2;1;15783.50;5381.34
20220201;2;5;20027.37;4819.49
20220301;2;2;12017.81;3856.58
20220401;2;2;18193.96;4744.05
20220501;2;4;5488.20;1430.48
20220601;2;3;14302.56;3011.84
20220701;2;4;9510.30;2765.63
20220801;2;4;7365.11;1625.02
20220901;2;3;24974.04;8515.22
20221001;2;2;15122.22;3184.57
20221101;2;2;23330.74;5381.34
20221201;2;3;14247.09;3714.65
20210101;3;5;12204.85;4039.27
20210201;3;4;20011.50;4395.60
20210301;3;1;22380.40;6956.76
20210401;3;3;15838.91;4288.38
20210501;3;4;11501.03;3459.52
20210601;3;4;7224.53;1739.13
20210701;3;3;18979.03;4377.75
20210801;3;2;15457.79;3100.15
20210901;3;2;19313.61;5035.90
20211001;3;3;22707.07;7286.30
20211101;3;3;24861.14;8227.36
20211201;3;3;23795.01;5011.05
20220101;3;4;26143.16;8651.21
20220201;3;4;19196.76;4619.93
20220301;3;4;26605.46;5602.67
20220401;3;3;11713.91;2936.37
20220501;3;4;7973.92;2399.30
20220601;3;4;15410.27;3245.06
20220701;3;5;24367.20;7819.38
20220801;3;4;9691.44;2720.98
20220901;3;5;6140.54;2155.16
20221001;3;2;21634.97;7159.25
20221101;3;1;10507.13;3582.55
20221201;3;4;15105.42;3332.44
20210101;4;4;22434.85;4949.54
20210201;4;5;17795.05;5353.56
20210301;4;3;23153.53;5108.40
20210401;4;1;8003.62;2086.62
20210501;4;1;22929.82;6438.56
20210601;4;3;23133.73;6959.73
20210701;4;4;14796.51;3709.66
20210801;4;1;11849.51;2732.90
20210901;4;1;5865.35;1705.44
20211001;4;2;15234.05;3208.39
20211101;4;5;9363.78;2910.57
20211201;4;3;16563.56;4983.30
20220101;4;2;23833.66;7170.17
20220201;4;2;21632.00;4338.05
20220301;4;5;25279.91;6084.14
20220401;4;5;9986.49;3204.33
20220501;4;4;25731.32;8773.35
20220601;4;4;9390.55;2166.02
20220701;4;2;26550.02;7188.03
20220801;4;1;8887.66;2851.99
20220901;4;5;9392.53;2166.02
20221001;4;1;25198.73;6822.75
20221101;4;3;13444.27;3775.17
20221201;4;5;24682.05;6435.59
20210101;5;3;12323.65;3707.68
20210201;5;2;14856.93;4916.77
20210301;5;4;5331.81;1496.98
20210401;5;2;17754.46;5162.98
20210501;5;2;11101.10;3117.05
20210601;5;2;20375.82;4086.89
20210701;5;1;10952.63;3075.37
20210801;5;4;13794.73;2766.59
20210901;5;4;21789.44;4588.19
20211001;5;2;8635.21;2337.79
20211101;5;3;23646.51;8062.59
20211201;5;3;7246.34;2252.45
20220101;5;2;15644.90;5490.47
20220201;5;1;18468.19;3889.31
20220301;5;4;9035.10;2445.99
20220401;5;5;14295.63;4300.30
20220501;5;1;14497.56;5088.47
20220601;5;1;18678.03;4120.61
20220701;5;3;25685.81;6954.75
20220801;5;4;9195.45;2397.35
20220901;5;2;18665.20;6176.48
20221001;5;1;6576.14;2242.48
20221101;5;1;25452.21;7401.44
20221201;5;4;21303.38;7476.91
20210101;1;2;18419.71;4617.95
20210201;1;4;12326.66;2843.02
20210301;1;1;5778.23;1390.72
20210401;1;1;13182.94;3833.78
20210501;1;1;16828.88;3712.60
20210601;1;3;9938.94;2790.45
20210701;1;1;11230.82;3379.07
20210801;1;1;21103.37;4444.24
20210901;1;4;21915.17;4614.98
20211001;1;1;13835.35;3607.46
20211101;1;3;5274.39;1745.14
20211201;1;1;14024.37;3796.98
20220101;1;3;22028.99;7732.00
20220201;1;3;15662.76;3769.23
20220301;1;5;21503.33;4312.21
20220401;1;1;21885.47;5486.58
20220501;1;3;19519.50;4306.27
20220601;1;2;6868.19;1446.36
20220701;1;4;15783.50;4590.17
20220801;1;2;24192.00;6549.74
20220901;1;1;10200.23;3375.11
20221001;1;2;21896.33;7685.37
20221101;1;4;12917.62;4533.54
20221201;1;3;24993.87;7017.29
20210101;2;5;16776.41;3532.95
20210201;2;5;14179.77;3412.86
20210301;2;4;9332.07;3181.56
20210401;2;2;19806.60;5561.03
20210501;2;5;23927.67;6718.50
20210601;2;4;21665.72;4779.79
20210701;2;4;17209.01;4832.36
20210801;2;3;10581.38;3394.97
20210901;2;1;26166.95;6297.59
20211001;2;3;23284.27;7705.20
20211101;2;3;8161.99;2292.08
20211201;2;2;12001.97;3610.40
20220101;2;5;19393.77;6612.28
20220201;2;1;20976.68;4838.30
20220301;2;5;13696.75;3021.74
20220401;2;3;13624.45;3961.85
20220501;2;4;14738.13;4877.07
20220601;2;5;11157.56;2572.98
20220701;2;1;13091.93;3938.98
20220801;2;2;12590.95;3156.68
20220901;2;2;12247.46;4175.23
20221001;2;3;16527.92;5138.13
20221101;2;1;14081.79;4377.75
20221201;2;2;9692.46;2332.84
20210101;3;5;14384.70;3317.52
20210201;3;5;17197.13;3448.57
20210301;3;4;13738.30;3995.54
20210401;3;5;16699.19;4688.48
20210501;3;5;20485.71;4725.20
20210601;3;5;9335.07;2620.66
20210701;3;4;11705.99;2464.87
20210801;3;5;24355.35;8548.02
20210901;3;3;8451.07;2712.04
20211001;3;5;13538.35;3122.03
20211101;3;5;18460.30;6108.93
20211201;3;1;16703.15;3517.07
20220101;3;3;19049.28;4202.02
20220201;3;3;8203.57;2303.07
20220301;3;5;13866.01;2919.51
20220401;3;2;17366.42;4005.47
20220501;3;3;12102.95;3155.69
20220601;3;3;7860.07;1576.41
20220701;3;5;23316.88;5845.88
20220801;3;5;15856.76;3656.99
20220901;3;1;15141.06;4099.72
20221001;3;3;20877.65;5861.79
20221101;3;1;12830.57;3731.48
20221201;3;4;21717.20;6098.00
20210101;4;4;22903.09;7119.52
20210201;4;1;9124.20;2653.43
20210301;4;2;9536.01;3347.32
20210401;4;5;24101.88;6767.08
20210501;4;4;8971.81;2789.42
20210601;4;2;10482.42;2732.90
20210701;4;5;7076.06;1419.53
20210801;4;1;15761.72;3951.85
20210901;4;1;25684.82;8757.47
20211001;4;5;11103.11;3229.25
20211101;4;4;20936.09;6088.14
20211201;4;2;25652.12;8488.46
20220101;4;4;16314.11;3599.44
20220201;4;1;14871.78;4026.30
20220301;4;2;12233.60;3557.80
20220401;4;1;13248.28;2922.51
20220501;4;5;9488.52;3235.19
20220601;4;5;18293.98;4036.26
20220701;4;5;9298.44;2424.11
20220801;4;3;25178.97;7827.30
20220901;4;5;25626.41;6424.64
20221001;4;5;5302.11;1701.48
20221101;4;1;20657.93;4764.90
20221201;4;4;19737.30;6926.93
20210101;5;2;18510.72;6311.48
20210201;5;5;8554.00;1887.11
20210301;5;1;16747.67;3862.52
20210401;5;1;13357.15;2679.20
20210501;5;3;25090.86;6792.98
20210601;5;5;18207.85;6025.64
20210701;5;3;9054.94;2905.58
20210801;5;3;24957.21;8259.14
20210901;5;5;7648.25;1997.29
20211001;5;1;14185.71;3556.81
20211101;5;4;17387.21;4358.87
20211201;5;2;14076.84;3669.96
20220101;5;4;6317.75;1520.81
20220201;5;4;19353.21;4657.69
20220301;5;1;12015.80;4096.79
20220401;5;5;16064.60;4832.36
20220501;5;2;24925.53;6998.41
20220601;5;3;5086.29;1224.00
20220701;5;2;23064.43;6707.55
20220801;5;1;8657.95;2170.97
20220901;5;1;13794.73;4011.41
20221001;5;2;24914.60;7744.94
20221101;5;5;12401.90;3606.41
20221201;5;1;6401.87;1668.71
20210101;1;5;23040.70;5313.83
20210201;1;3;23454.45;5173.87
20210301;1;4;14004.61;4774.84
20210401;1;3;12178.16;2686.20
20210501;1;5;6786.98;1565.45
20210601;1;5;11913.89;3464.47
20210701;1;4;9693.42;2138.20
20210801;1;2;13411.60;4034.25
20210901;1;5;23703.97;8081.47
20211001;1;2;18046.51;4885.95
20211101;1;2;5303.07;1807.71
20211201;1;5;15455.85;5269.18
20220101;1;3;19238.37;5980.92
20220201;1;5;13725.43;4679.50
20220301;1;4;24288.03;7550.33
20220401;1;2;22226.95;4458.17
20220501;1;5;14555.01;3357.29
20220601;1;3;14727.21;4726.19
20220701;1;4;6370.22;1788.83
20220801;1;5;16857.56;5747.64
20220901;1;3;18832.47;4154.37
20221001;1;3;9607.29;3083.29
20221101;1;3;9018.31;1989.34
20221201;1;5;7747.21;2718.94
20210101;2;3;15047.01;3168.59
20210201;2;3;21767.63;4584.23
20210301;2;4;21536.00;5182.82
20210401;2;3;7877.89;1975.45
20210501;2;5;11507.99;3462.49
20210601;2;4;6614.75;2122.40
20210701;2;3;21213.26;7445.13
20210801;2;2;6746.39;1759.07
20210901;2;1;13059.16;3273.90
20211001;2;2;10456.68;2621.72
20211101;2;1;8950.00;1974.39
20211201;2;5;7641.32;1992.31
20220101;2;1;12562.24;4283.43
20220201;2;2;9069.75;3000.92
20220301;2;5;15729.02;4416.46
20220401;2;4;24468.18;6870.40
20220501;2;4;7191.86;2091.61
20220601;2;2;12813.70;3469.39
20220701;2;3;14550.06;4960.46
20220801;2;2;19715.52;5733.72
20220901;2;3;5243.70;1103.85
20221001;2;5;23131.78;7191.00
20221101;2;2;26204.51;9197.20
20221201;2;4;7581.92;1749.10
20210101;3;1;20657.93;4764.90
20210201;3;3;23553.49;6376.95
20210301;3;5;9819.15;3446.59
20210401;3;2;6397.94;2180.97
20210501;3;1;6385.07;1857.34
20210601;3;1;6804.83;2046.92
20210701;3;1;12328.64;3214.33
20210801;3;1;19826.40;4970.39
20210901;3;1;19230.49;5399.23
20211001;3;4;12190.04;3544.89
20211101;3;2;9617.19;3086.26
20211201;3;4;7867.99;2050.92
20220101;3;4;19720.47;3954.82
20220201;3;5;10506.18;3371.18
20220301;3;5;11419.88;2977.06
20220401;3;4;9517.23;3245.06
20220501;3;2;4981.35;1049.30
20220601;3;4;25774.88;6978.54
20220701;3;1;5930.69;1664.72
20220801;3;1;26509.40;6912.08
20220901;3;1;16517.03;4803.61
20221001;3;2;12781.03;4101.77
20221101;3;4;13998.67;4632.84
20221201;3;3;8972.73;1979.44
20210101;4;4;8390.68;2187.83
20210201;4;1;19662.06;4732.13
20210301;4;4;5451.57;1257.73
20210401;4;3;10364.61;2598.85
20210501;4;5;14440.17;2895.65
20210601;4;4;19254.18;4827.44
20210701;4;4;21330.11;4277.49
20210801;4;5;13948.18;3357.29
20210901;4;2;25053.24;7034.18
20211001;4;2;16870.46;5244.36
20211101;4;3;25806.56;5175.89
20211201;4;5;8021.41;2091.61
20220101;4;3;22434.85;7198.92
20220201;4;3;10284.38;2371.51
20220301;4;4;14262.01;3289.74
20220401;4;5;17413.94;6111.93
20220501;4;4;24607.80;7896.80
20220601;4;4;24772.11;7203.93
20220701;4;3;11643.59;3386.06
20220801;4;1;7002.77;1404.68
20220901;4;2;25600.71;7445.13
20221001;4;3;4966.50;995.64
20221101;4;4;16971.41;4595.12
20221201;4;5;24588.00;7889.84
20210101;5;1;9269.73;3253.07
20210201;5;3;6168.29;1422.56
20210301;5;5;12916.66;4144.44
20210401;5;1;13430.41;3367.16
20210501;5;3;16951.64;4589.18
20210601;5;5;26722.28;9378.83
20210701;5;3;17732.65;3912.18
20210801;5;2;19845.21;4377.75
20210901;5;4;20276.82;4269.57
20211001;5;2;12318.74;2593.87
20211101;5;5;20731.16;7067.91
20211201;5;2;24882.99;6986.50
20220101;5;3;19260.12;6180.44
20220201;5;3;13261.18;3457.54
20220301;5;5;5418.90;1684.58
20220401;5;1;26596.55;5333.69
20220501;5;1;19140.36;4990.19
20220601;5;5;5204.10;1252.78
20220701;5;4;12460.31;2748.70
20220801;5;1;16771.39;4540.47
20220901;5;3;22766.50;4794.67
20221001;5;2;15675.59;3772.16
20221101;5;1;13439.38;3908.19
20221201;5;4;15404.37;4633.86
20210101;1;4;22292.29;5812.16
20210201;1;5;26262.92;7900.79
20210301;1;3;6037.61;1271.62
20210401;1;5;17030.77;5123.25
20210501;1;2;18063.31;6339.30
20210601;1;1;12875.08;4260.56
20210701;1;5;10962.50;3078.31
20210801;1;5;15840.89;4130.54
20210901;1;1;22321.99;5595.78
20211001;1;3;15269.69;5052.73
20211101;1;3;17080.31;5823.11
20211201;1;2;8830.24;3010.85
20220101;1;2;6585.05;1452.33
20220201;1;5;17011.04;5458.79
20220301;1;2;12534.56;3519.09
20220401;1;4;10340.85;3318.58
20220501;1;4;18857.22;4348.97
20220601;1;4;16225.01;5695.01
20220701;1;4;19454.16;4681.51
20220801;1;1;10998.17;2426.16
20220901;1;2;16405.16;4935.61
20221001;1;3;19500.69;5475.62
20221101;1;5;7089.89;2061.84
20221201;1;5;10976.39;2861.93
20210101;2;4;25222.46;7840.24
20210201;2;1;21662.75;6951.78
20210301;2;3;8129.32;1712.37
20210401;2;2;9026.19;2715.01
20210501;2;2;8170.90;2540.27
20210601;2;3;21321.20;7055.99
20210701;2;5;11596.07;2441.97
20210801;2;2;9937.92;2790.45
20210901;2;4;15963.68;3361.25
20211001;2;1;9081.67;2823.18
20211101;2;5;20579.72;7016.30
20211201;2;4;21371.66;4715.27
20220101;2;4;14150.10;4540.47
20220201;2;4;6359.30;1594.26
20220301;2;1;21328.13;7485.82
20220401;2;3;16505.15;4799.59
20220501;2;2;10218.09;2971.09
20220601;2;2;19353.21;5240.33
20220701;2;1;12220.73;2696.17
20220801;2;3;16352.69;4591.16
20220901;2;2;23791.09;5487.57
20221001;2;2;13426.45;4712.27
20221101;2;5;17067.47;3594.49
20221201;2;5;18909.69;6257.82
20210101;3;2;8015.47;2250.40
20210201;3;3;12939.43;4281.45
20210301;3;3;10837.79;2825.20
20210401;3;5;19773.90;5750.61
20210501;3;4;13207.66;4237.76
20210601;3;3;18457.30;3701.68
20210701;3;5;8863.87;2844.01
20210801;3;3;19000.77;6478.26
20210901;3;3;11704.97;3638.18
20211001;3;4;26449.04;5304.92
20211101;3;5;23183.26;6974.58
20211201;3;5;25299.75;8118.17
20220101;3;1;10220.07;3382.07
20220201;3;1;9175.72;2392.40
20220301;3;5;20115.45;5042.83
20220401;3;1;5404.05;1354.98
20220501;3;2;19189.90;5003.16
20220601;3;2;7301.75;1683.63
20220701;3;3;23662.39;4746.03
20220801;3;5;20202.60;5267.13
20220901;3;5;11001.14;2316.93
20221001;3;3;22686.28;7052.00
20221101;3;1;14356.02;4031.31
20221201;3;1;22381.39;4937.63
20210101;4;4;24469.17;8342.47
20210201;4;1;22783.33;6168.53
20210301;4;2;21547.88;7562.25
20210401;4;1;11683.19;2929.44
20210501;4;1;10546.73;2115.43
20210601;4;5;13904.62;4183.11
20210701;4;2;7748.20;2564.10
20210801;4;2;17629.72;4772.86
20210901;4;3;11244.65;3720.62
20211001;4;3;21366.71;6642.04
20211101;4;1;10001.28;3209.35
20211201;4;3;16127.00;3881.46
20220101;4;1;24446.40;5148.03
20220201;4;4;16404.20;4770.84
20220301;4;2;4959.57;1093.92
20220401;4;2;9158.82;2020.13
20220501;4;1;19884.81;4985.28
20220601;4;4;14349.09;3885.35
20220701;4;3;17086.28;3426.75
20220801;4;5;15283.59;4291.39
20220901;4;4;24007.83;5295.97
20221001;4;1;12685.99;2798.40
20221101;4;2;21026.15;7169.15
20221201;4;1;15959.76;4961.45
20210101;5;5;5946.53;1848.40
20210201;5;3;16271.54;4894.89
20210301;5;3;26230.28;7364.71
20210401;5;2;11769.29;3659.04
20210501;5;1;24135.57;7987.19
20210601;5;3;16116.08;3232.22
20210701;5;5;24990.90;6766.16
20210801;5;5;21548.84;6482.22
20210901;5;2;20526.30;5763.52
20211001;5;4;18003.88;5235.45
20211101;5;3;13211.65;3841.66
20211201;5;3;7123.58;1500.02
20220101;5;4;18001.96;5054.74
20220201;5;2;15482.58;4036.26
20220301;5;3;14979.69;3755.33
20220401;5;1;7058.21;1557.53
20220501;5;1;8584.72;2926.44
20220601;5;4;24194.97;7278.41
20220701;5;3;9533.07;2676.30
20220801;5;1;23033.77;5774.41
20220901;5;1;15726.12;5203.64
20221001;5;2;19835.28;6165.62
20221101;5;1;16160.66;5672.17
20221201;5;4;13804.66;3322.51
20210101;1;1;18051.43;4163.31
20210201;1;2;5840.57;1347.09
20210301;1;4;25590.81;5902.51
20210401;1;4;13148.29;2636.60
20210501;1;4;22549.69;7914.69
20210601;1;2;17322.86;4690.42
20210701;1;1;18289.03;4035.24
20210801;1;5;8398.60;2610.76
20210901;1;2;24870.12;6982.54
20211001;1;2;23466.33;8236.31
20211101;1;5;14951.94;3748.37
20211201;1;3;11151.59;2236.51
20220101;1;2;24448.38;6619.17
20220201;1;4;18597.84;3916.14
20220301;1;3;15637.02;3920.10
20220401;1;1;9206.37;2400.29
20220501;1;4;7506.68;1882.12
20220601;1;5;15388.53;3240.07
20220701;1;1;12162.35;2927.40
20220801;1;1;10288.38;3198.39
20220901;1;2;17399.09;3663.99
20221001;1;4;15483.57;4502.82
20221101;1;2;26022.35;9132.72
20221201;1;1;11659.43;2806.35
20210101;2;5;14362.95;4321.15
20210201;2;2;25330.40;8636.36
20210301;2;3;22460.59;6531.82
20210401;2;3;8076.88;2753.69
20210501;2;5;8045.17;2420.19
20210601;2;5;8528.29;1881.17
20210701;2;3;19605.60;5700.98
20210801;2;1;7138.43;1718.31
20210901;2;5;17328.76;6082.13
20211001;2;2;16046.81;4505.79
20211101;2;1;24958.23;8509.28
20211201;2;2;25922.39;7018.28
20220101;2;1;25189.86;7830.31
20220201;2;2;20878.67;6909.08
20220301;2;4;20863.85;7113.58
20220401;2;2;6808.79;2253.41
20220501;2;4;16911.05;4070.02
20220601;2;3;23851.48;4783.75
20220701;2;3;8015.47;2732.90
20220801;2;2;8431.24;1775.93
20220901;2;3;8056.09;2100.55
20221001;2;2;15910.22;3350.29
20221101;2;4;8590.66;2067.78
20221201;2;2;18545.41;6509.05
20210101;3;5;19129.47;5178.82
20210201;3;3;18139.51;6184.40
20210301;3;1;8588.68;2411.21
20210401;3;4;24322.68;5122.26
20210501;3;1;11994.05;3247.10
20210601;3;1;18031.63;5424.97
20210701;3;1;19990.71;4210.01
20210801;3;4;11645.54;2802.36
20210901;3;3;15862.67;5090.48
20211001;3;4;10550.76;2750.78
20211101;3;5;6130.64;1598.29
20211201;3;1;21904.21;4832.36
20220101;3;3;25539.29;7171.16
20220201;3;5;8669.86;2173.97
20220301;3;1;13513.60;2981.02
20220401;3;2;22985.29;4610.03
20220501;3;1;7011.74;1687.59
20220601;3;1;23599.98;7099.69
20220701;3;1;21914.11;6373.06
20220801;3;3;20200.59;4253.67
20220901;3;3;8344.12;2259.35
20221001;3;2;6780.05;2243.47
20221101;3;2;22885.27;5048.87
20221201;3;3;15464.76;4652.67
20210101;4;2;19743.24;4751.97
20210201;4;3;5061.54;1624.06
20210301;4;2;6702.86;2285.15
20210401;4;5;14976.72;4805.59
20210501;4;2;5297.13;1859.32
20210601;4;3;26206.52;6044.41
20210701;4;4;5970.29;2095.63
20210801;4;4;11440.67;2638.61
20210901;4;1;21993.31;5293.00
20211001;4;2;14978.67;3454.47
20211101;4;1;10727.90;3549.84
20211201;4;4;19185.87;6541.76
20220101;4;3;17124.86;4121.60
20220201;4;5;26383.70;6349.23
20220301;4;5;9319.23;2803.32
20220401;4;4;18057.37;3983.66
20220501;4;1;7174.04;1942.71
20220601;4;2;26336.15;7394.51
20220701;4;3;12889.97;3877.40
20220801;4;1;26470.82;6105.03
20220901;4;1;5463.45;1589.31
20221001;4;1;11572.31;3829.75
20221101;4;4;17937.61;5216.51
20221201;4;3;23834.61;6453.45
20210101;5;3;23451.52;4703.36
20210201;5;5;7012.67;2320.89
20210301;5;1;7254.23;1964.46
20210401;5;4;5920.79;1543.64
20210501;5;4;21612.23;6502.02
20210601;5;5;11268.41;3276.90
20210701;5;4;12784.00;3205.36
20210801;5;4;5411.01;1518.79
20210901;5;5;8184.76;1723.33
20211001;5;4;18643.42;4300.30
20211101;5;2;10162.65;2445.99
20211201;5;2;14229.30;3424.77
20220101;5;1;18154.36;5279.04
20220201;5;3;19995.62;5013.03
20220301;5;1;15482.58;3105.17
20220401;5;1;13087.93;3674.88
20220501;5;2;16146.83;4371.77
20220601;5;5;21692.39;6308.51
20220701;5;2;15182.61;3349.30
20220801;5;3;10944.71;3401.90
20220901;5;3;9780.54;3040.59
20221001;5;2;12076.19;3148.83
20221101;5;2;19562.07;4315.21
20221201;5;2;19321.50;6781.07
20210101;1;5;17108.03;4631.88
20210201;1;3;7008.67;1405.64
20210301;1;2;20514.42;6788.93
20210401;1;4;9005.40;2799.36
20210501;1;3;5538.69;1776.92
20210601;1;3;26075.81;8367.32
20210701;1;4;24320.67;6341.25
20210801;1;4;15152.94;3495.26
20210901;1;2;19757.13;3962.77
20211001;1;4;26263.91;6320.42
20211101;1;4;19155.21;4994.22
20211201;1;3;14365.89;4897.86
20220101;1;3;24831.48;8217.43
20220201;1;2;24415.71;5875.72
20220301;1;4;16800.20;4379.69
20220401;1;5;8730.25;2101.51
20220501;1;5;5268.45;1849.35
20220601;1;5;11220.92;2700.16
20220701;1;5;26492.60;9298.44
20220801;1;1;12584.06;2523.38
20220901;1;1;10314.08;2689.14
20221001;1;3;24808.74;6468.36
20221101;1;2;14912.34;4037.22
20221201;1;5;17622.79;5832.02
20210101;2;2;23305.99;4907.86
20210201;2;4;9874.59;3168.59
20210301;2;5;8646.03;2340.76
20210401;2;3;6501.86;1825.53
20210501;2;1;22971.40;6449.45
20210601;2;4;22924.90;6436.52
20210701;2;2;9561.78;2205.75
20210801;2;2;5680.22;1424.51
20210901;2;3;5693.13;1199.22
20211001;2;2;15610.25;4696.40
20211101;2;1;25120.52;6297.59
20211201;2;2;22599.13;7705.20
20220101;2;3;10870.46;2289.11
20220201;2;4;12107.90;2792.43
20220301;2;1;18205.87;4199.05
20220401;2;3;20032.32;7031.21
20220501;2;4;12139.55;4260.56
20220601;2;1;24571.14;7638.74
20220701;2;2;14374.87;3892.32
20220801;2;2;7733.35;1861.27
20220901;2;3;14199.64;4841.27
20221001;2;4;23427.76;7048.04
20221101;2;4;5493.11;1652.81
20221201;2;5;15261.77;3825.72
20210101;3;2;25809.53;7764.74
20210201;3;5;10410.15;2505.59
20210301;3;3;13691.77;3157.74
20210401;3;2;17442.61;5422.00
20210501;3;5;9810.24;2852.95
20210601;3;2;23265.40;6066.32
20210701;3;5;6442.49;2261.33
20210801;3;1;16252.70;5378.37
20210901;3;1;19590.78;6876.31
20211001;3;1;20763.86;6246.93
20211101;3;5;21933.98;6818.72
20211201;3;4;24040.53;5062.70
20220101;3;5;17461.39;4902.84
20220201;3;5;13393.78;4029.30
20220301;3;1;26581.70;6930.92
20220401;3;1;5541.66;1555.52
20220501;3;5;13230.46;3714.65
20220601;3;5;10025.07;3116.03
20220701;3;2;11132.81;3683.86
20220801;3;4;21865.64;4823.41
20220901;3;3;23153.53;6733.42
20221001;3;2;12753.35;3325.48
20221101;3;1;23321.83;7951.38
20221201;3;1;18690.94;5248.32
20210101;4;3;13638.31;2734.88
20210201;4;4;23582.20;6148.69
20210301;4;3;9419.22;2172.03
20210401;4;3;14827.20;4460.12
20210501;4;5;25817.45;8025.86
20210601;4;5;19712.55;5139.12
20210701;4;1;16653.65;4175.23
20210801;4;1;22880.35;5735.76
20210901;4;4;19190.85;5388.31
20211001;4;5;16615.04;5498.46
20211101;4;3;16398.23;5097.44
20211201;4;2;21290.51;7471.96
20220101;4;3;20339.22;5099.39
20220201;4;2;18112.81;5267.13
20220301;4;4;11882.18;2383.46
20220401;4;4;17200.10;3622.31
20220501;4;1;10982.30;2753.69
20220601;4;2;24228.63;4859.15
20220701;4;3;18848.38;5481.60
20220801;4;3;5406.06;1409.63
20220901;4;4;6369.23;1277.56
20221001;4;5;22647.70;6359.13
20221101;4;5;8691.64;2789.42
20221201;4;1;19857.06;6172.52
20210101;5;4;12252.37;2580.01
20210201;5;4;13085.95;3936.97
20210301;5;3;24452.34;5884.66
20210401;5;5;11410.97;3662.01
20210501;5;2;5237.76;1208.06
20210601;5;1;16368.53;3775.17
20210701;5;2;23565.37;7089.75
20210801;5;5;14603.49;2928.42
20210901;5;4;22864.48;6190.37
20211001;5;2;15120.24;4700.39
20211101;5;2;23520.82;7312.11
20211201;5;3;26422.34;6889.21
20220101;5;4;8858.88;2665.34
20220201;5;3;25965.92;5728.80
20220301;5;1;10761.56;2266.31
20220401;5;4;22157.65;5110.35
20220501;5;1;11249.57;2368.54
20220601;5;4;13282.90;3862.52
20220701;5;1;20633.22;5172.92
20220801;5;3;9698.40;2431.08
20220901;5;1;23885.10;5748.67
20221001;5;2;16762.55;4706.36
20221101;5;3;22641.73;7719.13
20221201;5;4;17135.75;4123.58
20210101;1;1;5804.93;1280.57
20210201;1;2;23835.64;5736.72
20210301;1;3;19821.45;6758.20
20210401;1;4;6851.36;2198.82
20210501;1;5;10189.38;2146.16
20210601;1;2;15916.16;3511.10
20210701;1;1;23613.81;7103.61
20210801;1;2;10220.07;3279.84
20210901;1;2;23756.44;7861.06
20211001;1;4;19465.05;3904.20
20211101;1;2;25811.51;9059.23
20211201;1;4;17210.00;5349.56
20220101;1;2;19254.18;6758.20
20220201;1;1;15190.53;4722.20
20220301;1;4;16053.74;4024.32
20220401;1;5;16957.58;4931.69
20220501;1;1;26061.98;9146.51
20220601;1;1;22568.54;5205.68
20220701;1;1;14654.01;4702.34
20220801;1;3;16770.47;5885.58
20220901;1;2;24884.94;7236.67
20221001;1;1;20456.96;5128.23
20221101;1;4;17621.80;4947.53
20221201;1;2;7762.06;1945.68
20210101;2;5;8230.30;2393.39
20210201;2;4;17203.07;6037.55
20210301;2;3;23814.81;7164.20
20210401;2;5;19279.95;5413.09
20210501;2;3;13094.83;2888.72
20210601;2;5;10568.55;3391.01
20210701;2;5;18315.73;5510.41
20210801;2;2;21752.81;6762.13
20210901;2;2;20965.79;6097.08
20211001;2;1;9059.89;2725.93
20211101;2;5;14482.71;3631.29
20211201;2;4;23012.98;6231.06
20220101;2;1;17579.23;5464.73
20220201;2;4;25368.98;8395.17
20220301;2;2;11061.50;2994.88
20220401;2;4;9447.90;3315.58
20220501;2;1;8268.91;2072.70
20220601;2;4;16203.23;5361.48
20220701;2;5;9659.79;2615.75
20220801;2;5;23430.73;5639.40
20220901;2;5;18168.25;4918.68
20221001;2;5;19384.86;4471.04
20221101;2;3;8897.49;2141.21
20221201;2;5;13819.48;4434.34
20210101;3;1;5630.76;1919.87
20210201;3;2;6532.55;1441.34
20210301;3;1;20023.38;5421.11
20210401;3;4;18494.95;6305.48
20210501;3;3;6982.01;2030.09
20210601;3;3;6204.89;1555.52
20210701;3;3;20431.22;5736.72
20210801;3;2;9216.31;1940.70
20210901;3;4;13609.60;3002.90
20211001;3;2;12003.95;3851.63
20211101;3;1;19599.69;6486.22
20211201;3;5;6850.37;1923.87
20220101;3;1;9713.22;2726.92
20220201;3;5;25771.94;5944.22
20220301;3;5;5802.03;1512.82
20220401;3;2;25555.13;7175.09
20220501;3;2;22990.21;5763.52
20220601;3;2;6646.43;2199.81
20220701;3;5;11174.36;2689.14
20220801;3;3;9986.49;2704.05
20220901;3;1;22245.76;7584.09
20221001;3;3;10342.83;3525.98
20221101;3;2;20101.55;5644.45
20221201;3;2;23602.99;5680.16
20210101;4;5;12434.57;3117.05
20210201;4;4;22240.81;5129.19
20210301;4;4;11618.87;3611.39
20210401;4;3;10238.88;3182.52
20210501;4;4;20696.51;6641.05
20210601;4;5;15125.19;4094.81
20210701;4;1;20571.80;7014.32
20210801;4;2;12212.84;4164.34
20210901;4;3;19549.23;6664.88
20211001;4;1;24884.94;8733.65
20211101;4;5;5994.02;1202.19
20211201;4;2;21438.98;5374.38
20220101;4;4;5819.78;1808.66
20220201;4;1;23041.66;5545.16
20220301;4;5;7900.66;2694.12
20220401;4;4;20379.74;4904.86
20220501;4;3;22092.31;4874.03
20220601;4;4;14628.24;4547.50
20220701;4;4;15168.75;4715.27
20220801;4;3;26581.70;8530.10
20220901;4;1;24699.84;7925.58
20221001;4;5;25338.36;7114.57
20221101;4;2;15778.55;5379.36
20221201;4;4;24078.15;5795.30
20210101;5;5;14555.01;4670.56
20210201;5;1;8902.48;2588.95
20210301;5;4;11773.28;3660.00
20210401;5;4;7077.05;1631.95
20210501;5;5;14354.04;4462.13
20210601;5;3;18783.96;5838.95
20210701;5;3;9835.02;2564.10
20210801;5;2;7110.71;1996.30
20210901;5;5;18241.48;4389.66
20211001;5;4;6989.90;2172.95
20211101;5;4;9198.45;2029.07
20211201;5;4;5926.73;2079.69
20220101;5;3;6840.44;2126.29
20220201;5;5;21481.55;6893.21
20220301;5;5;16406.18;3948.88
20220401;5;7;23451.52;5173.87
20220501;5;1;8535.22;2310.96
20220601;5;1;5018.97;1359.01
20220701;5;1;11941.58;3831.80
20220801;5;9;21164.78;7003.36
20220901;5;8;6287.09;1386.79
20221001;5;8;19551.18;4705.34
20221101;5;4;26556.92;6923.99
20221201;5;1;16996.19;3578.62
20210101;1;6;14136.24;3259.97
20210201;1;4;12441.46;2619.64
20210301;1;8;11120.90;3234.17
20210401;1;4;21837.95;5912.45
20210501;1;3;25699.67;8247.26
20210601;1;3;20961.83;5044.84
20210701;1;3;20445.08;6150.71
20210801;1;2;18678.03;5618.58
20210901;1;4;6387.02;1793.78
20211001;1;2;14571.81;4383.69
20211101;1;2;22823.89;7324.02
20211201;1;3;12254.39;2826.15
20220101;1;6;15450.90;5423.06
20220201;1;2;8975.70;1799.75
20220301;1;2;19452.18;4096.79
20220401;1;2;16967.48;4253.67
20220501;1;7;13615.54;3139.85
20220601;1;2;26046.14;5484.57
20220701;1;10;8893.53;3120.94
20220801;1;4;23281.27;4669.57
20220901;1;4;10332.89;3523.01
20221001;1;5;17825.71;5005.04
20221101;1;9;14472.84;3628.25
20221201;1;1;20440.17;4509.71
20210101;2;3;17499.04;5966.07
20210201;2;6;9211.32;2401.34
20210301;2;3;19660.08;4731.14
20210401;2;5;18397.93;5165.89
20210501;2;10;8849.97;1952.61
20210601;2;8;8214.49;1647.89
20210701;2;2;6606.80;2120.38
20210801;2;10;26689.64;8028.83
20210901;2;6;5797.08;1685.57
20211001;2;2;12473.18;3377.09
20211101;2;10;23605.99;4971.38
20211201;2;10;25102.74;5286.04
20220101;2;10;15236.10;3361.25
20220201;2;7;15308.30;3531.00
20220301;2;7;9343.03;1874.20
20220401;2;8;20605.46;7025.24
20220501;2;4;13376.98;2683.20
20220601;2;3;8065.00;1940.70
20220701;2;7;23385.25;5159.02
20220801;2;5;18653.32;5611.65
20220901;2;7;24065.32;6033.56
20221001;2;4;14901.48;4184.17
20221101;2;8;12998.80;2867.80
20221201;2;8;20232.27;5883.57
20210101;3;10;9258.84;3156.68
20210201;3;5;24039.54;5544.13
20210301;3;6;9534.03;2772.53
20210401;3;5;24064.29;7239.67
20210501;3;1;12964.22;4030.29
20210601;3;6;6889.94;1451.31
20210701;3;9;23245.63;5361.48
20210801;3;9;5703.03;1601.23
20210901;3;7;19844.22;4975.31
20211001;3;4;24192.99;6065.30
20211101;3;9;20736.14;6862.38
20211201;3;2;7288.91;1754.05
20220101;3;1;15976.52;5446.88
20220201;3;5;16302.23;3760.25
20220301;3;2;9471.66;3324.55
20220401;3;10;19044.37;5920.37
20220501;3;7;11950.49;3954.82
20220601;3;4;20054.07;4826.42
20220701;3;4;24306.78;8531.16
20220801;3;5;15889.47;5098.47
20220901;3;10;13717.51;3301.68
20221001;3;9;6176.18;1919.87
20221101;3;1;12085.13;3756.36
20221201;3;8;12369.23;3721.58
20210101;4;10;13927.39;4887.96
20210201;4;1;10031.01;3118.01
20210301;4;10;24325.65;6586.44
20210401;4;2;5532.75;1165.40
20210501;4;1;22630.91;6354.15
20210601;4;8;7359.17;2435.04
20210701;4;7;25806.56;8798.16
20210801;4;5;24179.10;5819.12
20210901;4;10;23839.60;5020.03
20211001;4;9;5326.86;1869.25
20211101;4;8;11848.55;2732.90
20211201;4;1;10381.44;3227.24
20220101;4;3;21460.76;4519.68
20220201;4;2;12097.01;2790.45
20220301;4;9;5853.51;1408.61
20220401;4;10;23148.61;7660.46
20220501;4;1;17390.14;4359.86
20220601;4;1;19236.39;5979.93
20220701;4;2;18317.71;5510.41
20220801;4;10;15902.27;3508.13
20220901;4;7;20304.54;4478.99
20221001;4;5;14504.52;4654.72
20221101;4;3;23451.52;4938.62
20221201;4;1;11753.51;3299.64
20210101;5;4;16227.95;5696.00
20210201;5;10;8455.03;2967.13
20210301;5;7;21636.98;6292.64
20210401;5;4;9283.63;3165.62
20210501;5;8;7483.91;1726.26
20210601;5;2;20472.77;4105.76
20210701;5;9;22127.95;5547.10
20210801;5;9;25620.47;7193.97
20210901;5;4;23490.09;7773.74
20211001;5;2;11999.99;3970.76
20211101;5;5;11067.44;3884.40
20211201;5;5;9671.67;2716.00
20220101;5;5;10534.85;2430.09
20220201;5;9;11077.34;2777.54
20220301;5;4;6719.66;1348.08
20220401;5;3;24998.79;6016.66
20220501;5;10;26233.22;7628.78
20220601;5;6;13045.36;4317.16
20220701;5;8;10075.53;3030.65
20220801;5;10;16706.12;3852.62
20220901;5;7;17855.38;3938.98
20221001;5;9;10153.74;2953.24
20221101;5;7;25253.18;7090.74
20221201;5;2;21669.65;7171.16
20210101;1;1;24557.28;6156.65
20210201;1;7;23543.59;6374.05
20210301;1;5;5193.21;1770.98
20210401;1;3;17804.99;4106.72
20210501;1;2;19544.25;4899.91
20210601;1;1;21538.01;6911.06
20210701;1;9;18386.02;4240.73
20210801;1;10;12392.00;3107.12
20210901;1;8;5586.21;1848.40
20211001;1;5;7040.39;2118.40
20211101;1;1;5630.76;1185.29
20211201;1;10;24203.88;7766.75
20220101;1;7;14337.21;3594.49
20220201;1;10;14603.49;3953.86
20220301;1;2;12424.67;4360.88
20220401;1;10;24844.31;6228.09
20220501;1;7;12761.27;3199.45
20220601;1;10;6674.15;1806.72
20220701;1;7;6841.46;1440.45
20220801;1;9;16367.57;4759.95
20220901;1;2;23335.69;6084.14
20221001;1;1;16679.39;3512.12
20221101;1;5;26059.01;5226.47
20221201;1;5;15652.82;3610.40
20210101;2;2;19864.94;5378.37
20210201;2;6;25011.69;8025.86
20210301;2;6;9540.99;2869.88
20210401;2;5;20565.86;6805.82
20210501;2;9;8007.58;1766.99
20210601;2;9;5221.89;1571.49
20210701;2;6;7236.41;1451.31
20210801;2;3;24235.56;7776.68
20210901;2;4;13637.32;4239.81
20211001;2;8;23931.63;5519.35
20211101;2;7;25079.97;8550.93
20211201;2;6;13433.44;3502.13
20220101;2;10;19981.80;5811.14
20220201;2;7;16395.26;4932.68
20220301;2;1;16050.77;5150.05
20220401;2;2;7581.92;2356.63
20220501;2;1;12856.24;4125.59
20220601;2;3;7044.41;1695.51
20220701;2;4;24723.60;6941.85
20220801;2;4;5421.83;1086.99
20220901;2;9;25934.27;8321.64
20221001;2;9;11324.84;2839.12
20221101;2;3;21672.62;7389.53
20221201;2;5;15931.97;4952.51
20210101;3;1;15113.31;3789.06
20210201;3;9;25850.15;5702.99
20210301;3;1;24099.93;7491.76
20210401;3;5;19376.94;5051.77
20210501;3;7;20440.17;6968.64
20210601;3;1;13225.54;3182.52
20210701;3;6;12538.52;2640.59
20210801;3;8;23383.24;7269.44
20210901;3;10;10873.43;2616.77
20211001;3;5;9620.16;3087.28
20211101;3;8;20694.56;6433.58
20211201;3;5;21221.18;7022.20
20220101;3;3;26676.71;5617.62
20220201;3;7;7296.83;2122.40
20220301;3;10;11511.95;3117.05
20220401;3;6;25949.12;7546.34
20220501;3;10;15957.74;4480.91
20220601;3;6;23691.10;6414.74
20220701;3;6;10320.06;2380.46
20220801;3;6;5933.70;1249.81
20220901;3;3;23541.61;6610.23
20221001;3;6;24741.42;5954.16
20221101;3;7;5423.81;1250.77
20221201;3;5;19114.59;5367.45
20210101;4;1;6371.21;1597.27
20210201;4;7;16257.68;3913.14
20210301;4;9;7298.81;2415.24
20210401;4;4;14876.73;5072.66
20210501;4;6;18209.83;5660.26
20210601;4;8;5349.60;1287.53
20210701;4;9;23489.10;4711.28
20210801;4;7;11479.28;3568.72
20210901;4;4;19166.14;4036.26
20211001;4;2;23813.79;6209.25
20211101;4;5;23878.21;5746.65
20211201;4;8;19371.00;5633.43
20220101;4;2;12702.86;3311.58
20220201;4;9;22222.04;4902.84
20220301;4;8;13864.03;3336.47
20220401;4;4;16553.66;3319.54
20220501;4;1;10142.85;3254.99
20220601;4;10;13566.04;3536.94
20220701;4;2;26446.04;9016.59
20220801;4;2;18941.37;4938.62
20220901;4;3;12331.61;3833.78
20221001;4;10;22453.70;5178.82
20221101;4;10;19008.69;5718.87
20221201;4;7;18322.69;4042.20
20210101;5;5;19747.20;5742.69
20210201;5;4;23823.72;5972.93
20210301;5;2;23952.42;6004.75
20210401;5;2;5652.50;1984.39
20210501;5;4;21145.97;6361.15
20210601;5;5;25010.70;7022.20
20210701;5;10;7003.79;1615.12
20210801;5;1;11423.87;3665.94
20210901;5;2;13029.49;3527.96
20211001;5;6;19504.65;6258.85
20211101;5;2;18061.33;5433.91
20211201;5;2;5338.71;1338.15
20220101;5;8;7489.85;1501.96
20220201;5;5;16559.60;4981.25
20220301;5;2;25865.00;6484.20
20220401;5;6;24047.43;5787.31
20220501;5;4;8961.88;2696.17
20220601;5;10;25295.75;8117.18
20220701;5;4;20026.35;5997.78
20220801;5;2;17995.99;5955.08
20220901;5;3;18339.49;3861.53
20221001;5;6;14982.63;3906.21
20221101;5;7;10971.44;2970.13
20221201;5;7;11112.98;3677.85
